regime,scenario,t_hours,delta_psi_mV,sumATP_c_mM
in_vivo_141h,A,0.0,175.0,5.0
in_vivo_141h,A,0.36180904522613067,165.6876338866603,4.7669462984663395
in_vivo_141h,A,0.7236180904522613,165.67515540050675,4.766540918416846
in_vivo_141h,A,1.085427135678392,165.66306941677973,4.766149238029035
in_vivo_141h,A,1.4472361809045227,165.65099151685527,4.765757208266365
in_vivo_141h,A,1.8090452261306533,165.63890404938792,4.765364138024976
in_vivo_141h,A,2.170854271356784,165.6268122657637,4.764970142909271
in_vivo_141h,A,2.532663316582915,165.61472341375284,4.764575496024744
in_vivo_141h,A,2.8944723618090453,165.6026298308292,4.764180277709498
in_vivo_141h,A,3.256281407035176,165.5905299668797,4.763783908215406
in_vivo_141h,A,3.6180904522613067,165.5784244087555,4.763386607099782
in_vivo_141h,A,3.9798994974874375,165.566315695768,4.762988433935747
in_vivo_141h,A,4.341708542713568,165.5542121093018,4.76258970983782
in_vivo_141h,A,4.703517587939698,165.54210401117948,4.762190106283883
in_vivo_141h,A,5.06532663316583,165.52998744373318,4.761789496069736
in_vivo_141h,A,5.42713567839196,165.51786568974956,4.761387976432896
in_vivo_141h,A,5.788944723618091,165.50573957276637,4.7609855570243305
in_vivo_141h,A,6.150753768844221,165.4936092495856,4.7605822514135925
in_vivo_141h,A,6.512562814070352,165.48147923078602,4.760178205923036
in_vivo_141h,A,6.874371859296483,165.46934763869828,4.759773359641411
in_vivo_141h,A,7.236180904522613,165.45721131906606,4.759367605179197
in_vivo_141h,A,7.597989949748744,165.44507153564285,4.758960985562028
in_vivo_141h,A,7.959798994974875,165.43292849984684,4.7585535079878305
in_vivo_141h,A,8.321608040201005,165.42078376063068,4.758145212054508
in_vivo_141h,A,8.683417085427136,165.4086372194994,4.757736095244106
in_vivo_141h,A,9.045226130653267,165.39648848490035,4.75732614754685
in_vivo_141h,A,9.407035175879397,165.3843360146001,4.756915312659375
in_vivo_141h,A,9.768844221105528,165.3721790815754,4.756503564039742
in_vivo_141h,A,10.13065326633166,165.3600185225405,4.756090932234454
in_vivo_141h,A,10.492462311557789,165.34785333507918,4.755677374361876
in_vivo_141h,A,10.85427135678392,165.33568233709485,4.755262839853971
in_vivo_141h,A,11.216080402010052,165.32350671766628,4.754847379577464
in_vivo_141h,A,11.577889447236181,165.31132647679343,4.754430993532355
in_vivo_141h,A,11.93969849246231,165.2991416144763,4.754013681718643
in_vivo_141h,A,12.301507537688442,165.28695822993765,4.75359563214672
in_vivo_141h,A,12.663316582914575,165.2747742299194,4.753176780291267
in_vivo_141h,A,13.025125628140705,165.26258841232706,4.752757089097362
in_vivo_141h,A,13.386934673366834,165.25040077716076,4.752336558565009
in_vivo_141h,A,13.748743718592966,165.238210183353,4.751915145804278
in_vivo_141h,A,14.110552763819097,165.22601203890366,4.751492678213169
in_vivo_141h,A,14.472361809045227,165.2138097904412,4.751069285341978
in_vivo_141h,A,14.834170854271356,165.20160343796564,4.750644967190703
in_vivo_141h,A,15.195979899497488,165.1893929814769,4.750219723759348
in_vivo_141h,A,15.55778894472362,165.17717805034752,4.749793518119531
in_vivo_141h,A,15.91959798994975,165.16495859062172,4.74936634489525
in_vivo_141h,A,16.281407035175878,165.15273479361116,4.748938223148299
in_vivo_141h,A,16.64321608040201,165.14050665931583,4.748509152878679
in_vivo_141h,A,17.005025125628144,165.12827426201014,4.748079136400577
in_vivo_141h,A,17.366834170854272,165.11604461561538,4.747648392248711
in_vivo_141h,A,17.728643216080403,165.10381317957535,4.747216778951693
in_vivo_141h,A,18.090452261306535,165.09157995389,4.746784296509525
in_vivo_141h,A,18.452261306532666,165.07934493855936,4.746350944922207
in_vivo_141h,A,18.814070351758794,165.06710561823078,4.745916638736398
in_vivo_141h,A,19.175879396984925,165.0548592535649,4.745481284889325
in_vivo_141h,A,19.537688442211056,165.04260868160213,4.745044979762932
in_vivo_141h,A,19.899497487437188,165.03035390234257,4.74460772335722
in_vivo_141h,A,20.26130653266332,165.0180949157862,4.744169515672192
in_vivo_141h,A,20.623115577889447,165.00583141158188,4.7437302783338815
in_vivo_141h,A,20.984924623115578,164.99356350342381,4.743290040053845
in_vivo_141h,A,21.34673366834171,164.98129124777,4.742848815089607
in_vivo_141h,A,21.70854271356784,164.96901464462044,4.742406603441171
in_vivo_141h,A,22.07035175879397,164.95673498106456,4.741963448695897
in_vivo_141h,A,22.432160804020103,164.944457013333,4.741519511923828
in_vivo_141h,A,22.793969849246235,164.93217712634652,4.741074670700086
in_vivo_141h,A,23.155778894472363,164.91989532010518,4.740628925024671
in_vivo_141h,A,23.517587939698494,164.9076115946089,4.740182274897581
in_vivo_141h,A,23.87939698492462,164.89532216300316,4.739734601226243
in_vivo_141h,A,24.241206030150757,164.8830266250551,4.739285891423759
in_vivo_141h,A,24.603015075376884,164.8707268371636,4.738836203871909
in_vivo_141h,A,24.964824120603016,164.85842279932865,4.738385538570693
in_vivo_141h,A,25.32663316582915,164.84611450593468,4.737933892845944
in_vivo_141h,A,25.68844221105528,164.83380169358443,4.737481141266072
in_vivo_141h,A,26.05025125628141,164.82148453403406,4.737027365622538
in_vivo_141h,A,26.412060301507537,164.80916302728355,4.736572565915341
in_vivo_141h,A,26.77386934673367,164.7968371733329,4.736116742144483
in_vivo_141h,A,27.1356783919598,164.78450943288007,4.735659982240821
in_vivo_141h,A,27.49748743718593,164.77218227654896,4.735202374489914
in_vivo_141h,A,27.85929648241206,164.7598530642534,4.734743824550622
in_vivo_141h,A,28.221105527638194,164.74752179599346,4.734284332422947
in_vivo_141h,A,28.582914572864325,164.73518847176913,4.7338238981068885
in_vivo_141h,A,28.944723618090453,164.72284805005054,4.73336237853713
in_vivo_141h,A,29.306532663316585,164.71050249098758,4.732899829337555
in_vivo_141h,A,29.668341708542712,164.69815263743138,4.7324362744260515
in_vivo_141h,A,30.030150753768847,164.68579848938182,4.731971713802621
in_vivo_141h,A,30.391959798994975,164.67344001839652,4.731506116084594
in_vivo_141h,A,30.753768844221106,164.66107712773518,4.731039374531573
in_vivo_141h,A,31.11557788944724,164.64870989189836,4.730571571345341
in_vivo_141h,A,31.47738693467337,164.6363383108861,4.7301027065259005
in_vivo_141h,A,31.8391959798995,164.62396238469833,4.72963278007325
in_vivo_141h,A,32.20100502512563,164.61158568803444,4.729161924162653
in_vivo_141h,A,32.562814070351756,164.59920846160995,4.728690147694618
in_vivo_141h,A,32.924623115577894,164.58682904229337,4.728217389174506
in_vivo_141h,A,33.28643216080402,164.57444743008472,4.727743648602318
in_vivo_141h,A,33.64824120603015,164.5620634389644,4.727268921356406
in_vivo_141h,A,34.01005025125629,164.549671340318,4.726793065109581
in_vivo_141h,A,34.37185929648241,164.5372748976949,4.726316173367072
in_vivo_141h,A,34.733668341708544,164.52487411109516,4.725838246128881
in_vivo_141h,A,35.095477386934675,164.51246898051875,4.725359283395007
in_vivo_141h,A,35.45728643216081,164.50005950782423,4.724879214418138
in_vivo_141h,A,35.81909547738694,164.48764569472846,4.72439797384412
in_vivo_141h,A,36.18090452261307,164.47522753933393,4.7239156339036095
in_vivo_141h,A,36.54271356783919,164.46280504164065,4.723432194596606
in_vivo_141h,A,36.90452261306533,164.45037820164862,4.722947655923108
in_vivo_141h,A,37.266331658291456,164.4379516308533,4.7224621907390905
in_vivo_141h,A,37.62814070351759,164.42552343572365,4.721975728067979
in_vivo_141h,A,37.989949748743726,164.41309291132112,4.721488241486056
in_vivo_141h,A,38.35175879396985,164.40066005764564,4.720999730993325
in_vivo_141h,A,38.71356783919598,164.38822364879502,4.7205101707711465
in_vivo_141h,A,39.07537688442211,164.37577983939153,4.720019479832303
in_vivo_141h,A,39.437185929648244,164.36333163164426,4.719527721406101
in_vivo_141h,A,39.798994974874375,164.35087902555324,4.719034895492541
in_vivo_141h,A,40.1608040201005,164.33842202111848,4.71854100209162
in_vivo_141h,A,40.52261306532664,164.32596071834024,4.718045922786116
in_vivo_141h,A,40.88442211055277,164.3134951202623,4.717549653971716
in_vivo_141h,A,41.246231155778894,164.30102518276323,4.717052247895653
in_vivo_141h,A,41.608040201005025,164.28855090584304,4.716553704557926
in_vivo_141h,A,41.969849246231156,164.27607250579155,4.716054032010299
in_vivo_141h,A,42.33165829145729,164.26359489024716,4.715553412948093
in_vivo_141h,A,42.69346733668342,164.25111481008383,4.715051726416975
in_vivo_141h,A,43.05527638190954,164.23863226530165,4.714548972416948
in_vivo_141h,A,43.41708542713568,164.2261472559005,4.714045150948009
in_vivo_141h,A,43.77889447236181,164.21365746160114,4.713540208127921
in_vivo_141h,A,44.14070351758794,164.20116091512185,4.713034098271865
in_vivo_141h,A,44.502512562814076,164.1886598713946,4.712526873744561
in_vivo_141h,A,44.86432160804021,164.17615433041945,4.712018534546012
in_vivo_141h,A,45.22613065326633,164.16364429219638,4.711509080676216
in_vivo_141h,A,45.58793969849247,164.15113028062802,4.710998406676233
in_vivo_141h,A,45.949748743718594,164.13861206949332,4.710486558083219
in_vivo_141h,A,46.311557788944725,164.12608958599586,4.709973549550726
in_vivo_141h,A,46.67336683417086,164.11356283013558,4.70945938107875
in_vivo_141h,A,47.03517587939699,164.1010328630819,4.708944094223228
in_vivo_141h,A,47.39698492462312,164.08850275971875,4.7084278093981835
in_vivo_141h,A,47.75879396984924,164.07597008475642,4.70791043123643
in_vivo_141h,A,48.120603015075375,164.06343483819487,4.707391959737964
in_vivo_141h,A,48.48241206030151,164.05089702003409,4.706872394902789
in_vivo_141h,A,48.84422110552764,164.03835306616043,4.706351580317378
in_vivo_141h,A,49.20603015075377,164.0258029947338,4.70582951677869
in_vivo_141h,A,49.56783919597991,164.01324829575555,4.7053062696764405
in_vivo_141h,A,49.92964824120603,164.0006889692257,4.704781839010627
in_vivo_141h,A,50.29145728643216,163.98812506553313,4.7042562232752
in_vivo_141h,A,50.6532663316583,163.97555748210948,4.703729395647261
in_vivo_141h,A,51.015075376884425,163.96298562006692,4.703201374026679
in_vivo_141h,A,51.37688442211056,163.95040947940538,4.702672158413453
in_vivo_141h,A,51.73869346733668,163.9378290601249,4.702141748807585
in_vivo_141h,A,52.10050251256282,163.92524623477365,4.701610215322675
in_vivo_141h,A,52.46231155778895,163.91266245639792,4.701077612364963
in_vivo_141h,A,52.824120603015075,163.9000759923533,4.70054387505925
in_vivo_141h,A,53.185929648241206,163.8874868426397,4.70000900340553
in_vivo_141h,A,53.54773869346734,163.87489500725712,4.699472997403806
in_vivo_141h,A,53.90954773869347,163.8622957542923,4.698935652304293
in_vivo_141h,A,54.2713567839196,163.84969122443235,4.698397060734475
in_vivo_141h,A,54.633165829145725,163.8370820111485,4.697857248373843
in_vivo_141h,A,54.99497487437186,163.8244681144408,4.697316215222393
in_vivo_141h,A,55.356783919597994,163.81184979528751,4.696773948517909
in_vivo_141h,A,55.71859296482412,163.79922775320549,4.696230414053002
in_vivo_141h,A,56.08040201005026,163.78660142581342,4.695685639328937
in_vivo_141h,A,56.44221105527639,163.77397081311128,4.69513962434571
in_vivo_141h,A,56.80402010050251,163.76133591509904,4.694592369103325
in_vivo_141h,A,57.16582914572865,163.74869931540093,4.69404398164166
in_vivo_141h,A,57.527638190954775,163.73606091239162,4.693494457711034
in_vivo_141h,A,57.88944723618091,163.72341968364597,4.692943754556504
in_vivo_141h,A,58.25125628140704,163.71077562916392,4.692391872178073
in_vivo_141h,A,58.61306532663317,163.69812841649133,4.691838796648297
in_vivo_141h,A,58.9748743718593,163.68547320848845,4.691284325325768
in_vivo_141h,A,59.336683417085425,163.6728132597177,4.690728594553275
in_vivo_141h,A,59.698492462311556,163.66014857017925,4.690171604330823
in_vivo_141h,A,60.060301507537694,163.64747913987296,4.689613354658407
in_vivo_141h,A,60.42211055276382,163.6348055134761,4.689053811813689
in_vivo_141h,A,60.78391959798995,163.622128076502,4.68849295192856
in_vivo_141h,A,61.14572864321609,163.60944634902557,4.687930804716399
in_vivo_141h,A,61.50753768844221,163.5967603310468,4.687367370177206
in_vivo_141h,A,61.869346733668344,163.58407002256558,4.686802648310982
in_vivo_141h,A,62.23115577889448,163.57137861162053,4.686236785729589
in_vivo_141h,A,62.59296482412061,163.55868459212758,4.685669713171075
in_vivo_141h,A,62.95477386934674,163.5459876062128,4.68510141417749
in_vivo_141h,A,63.31658291457286,163.53328765387616,4.684531888748833
in_vivo_141h,A,63.678391959799,163.5205834731916,4.683961086202203
in_vivo_141h,A,64.04020100502512,163.50787193195484,4.683388880738455
in_vivo_141h,A,64.40201005025126,163.49515558820377,4.68281537509641
in_vivo_141h,A,64.76381909547739,163.48243444193832,4.682240569276065
in_vivo_141h,A,65.12562814070351,163.46970849315852,4.681664463277422
in_vivo_141h,A,65.48743718592965,163.45697865857227,4.681086993750568
in_vivo_141h,A,65.84924623115579,163.4442448718557,4.680508165278869
in_vivo_141h,A,66.21105527638191,163.43150678997938,4.6799280015676805
in_vivo_141h,A,66.57286432160804,163.41876441294335,4.679346502617003
in_vivo_141h,A,66.93467336683418,163.4060179818703,4.678763680474
in_vivo_141h,A,67.2964824120603,163.39327044267583,4.678179682324829
in_vivo_141h,A,67.65829145728644,163.38051979641963,4.677594408296861
in_vivo_141h,A,68.02010050251258,163.36776604310182,4.677007858390099
in_vivo_141h,A,68.3819095477387,163.3550091827223,4.676420032604541
in_vivo_141h,A,68.74371859296483,163.34224702374448,4.675830847137094
in_vivo_141h,A,69.10552763819095,163.32947815697597,4.6752402481010655
in_vivo_141h,A,69.46733668341709,163.3167044214468,4.6746483058198915
in_vivo_141h,A,69.82914572864323,163.30392581715685,4.674055020293572
in_vivo_141h,A,70.19095477386935,163.29114234410622,4.6734603915221085
in_vivo_141h,A,70.55276381909547,163.27835539453386,4.672864319716041
in_vivo_141h,A,70.91457286432161,163.26556428360556,4.6722668539612195
in_vivo_141h,A,71.27638190954774,163.25276887287126,4.671668004181125
in_vivo_141h,A,71.63819095477388,163.239969162331,4.671067770375755
in_vivo_141h,A,72.0,163.22716103293152,4.6704659273846385
uniform_12h,A,0.0,175.0,5.0
uniform_12h,A,0.36180904522613067,165.57257949219925,4.763253527838357
uniform_12h,A,0.7236180904522613,165.42995588317137,4.758514186001697
uniform_12h,A,1.085427135678392,165.28546870200626,4.753605211618074
uniform_12h,A,1.4472361809045227,165.14448343622308,4.748712529366153
uniform_12h,A,1.8090452261306533,165.00019040072536,4.743595391798099
uniform_12h,A,2.170854271356784,164.8554213982054,4.738342790292076
uniform_12h,A,2.532663316582915,164.71245621525387,4.733044450279161
uniform_12h,A,2.8944723618090453,164.56601598012557,4.7274961962563715
uniform_12h,A,3.256281407035176,164.42100298631502,4.72187387653181
uniform_12h,A,3.6180904522613067,164.27590531405244,4.7161269455083845
uniform_12h,A,3.9798994974874375,164.12725320554202,4.710105887465711
uniform_12h,A,4.341708542713568,163.98195227543198,4.704081884233941
uniform_12h,A,4.703517587939698,163.83463988255272,4.6978420850421045
uniform_12h,A,5.06532663316583,163.68442876464715,4.691329553222195
uniform_12h,A,5.42713567839196,163.5380816509168,4.684841849516619
uniform_12h,A,5.788944723618091,163.388452049963,4.678059241435873
uniform_12h,A,6.150753768844221,163.2375834206089,4.6710565010477
uniform_12h,A,6.512562814070352,163.08916677244508,4.664014567946397
uniform_12h,A,6.874371859296483,162.93713720405916,4.6566352775408815
uniform_12h,A,7.236180904522613,162.7857804097603,4.649110581751972
uniform_12h,A,7.597989949748744,162.63499583342693,4.641447566771996
uniform_12h,A,7.959798994974875,162.48046690771653,4.633410993839616
uniform_12h,A,8.321608040201005,162.32859638777342,4.6253196622945385
uniform_12h,A,8.683417085427136,162.1753334401507,4.616971978943931
uniform_12h,A,9.045226130653267,162.0186122327508,4.608230080258407
uniform_12h,A,9.407035175879397,161.86580492473522,4.599505192086349
uniform_12h,A,9.768844221105528,161.7099431240563,4.590401924292218
uniform_12h,A,10.13065326633166,161.55206218859954,4.580953202627962
uniform_12h,A,10.492462311557789,161.397144339563,4.571468723439585
uniform_12h,A,10.85427135678392,161.23858667462062,4.561533372429327
uniform_12h,A,11.216080402010052,161.07983328719018,4.5513371640392375
uniform_12h,A,11.577889447236181,160.92235837986325,4.540992452609997
uniform_12h,A,11.93969849246231,160.7609912622285,4.5301393483291745
uniform_12h,A,12.301507537688442,160.61182913530538,4.517101175666717
uniform_12h,A,12.663316582914575,160.45356215511094,4.502290410182438
uniform_12h,A,13.025125628140705,160.2911499449606,4.4865833008071805
uniform_12h,A,13.386934673366834,160.13199012706963,4.470684383057144
uniform_12h,A,13.748743718592966,159.97087440411826,4.454005360756441
uniform_12h,A,14.110552763819097,159.80658683133882,4.436438437113924
uniform_12h,A,14.472361809045227,159.6458539590815,4.41863540611922
uniform_12h,A,14.834170854271356,159.48204482784664,4.399841913685239
uniform_12h,A,15.195979899497488,159.31648350694442,4.380227463728166
uniform_12h,A,15.55778894472362,159.15346376374623,4.360190341218227
uniform_12h,A,15.91959798994975,158.9868802887458,4.338977984944964
uniform_12h,A,16.281407035175878,158.82022512641265,4.317065888817601
uniform_12h,A,16.64321608040201,158.65461584542746,4.294450226647094
uniform_12h,A,17.005025125628144,158.485159054938,4.270469176388253
uniform_12h,A,17.366834170854272,158.31746920443152,4.245960415182204
uniform_12h,A,17.728643216080403,158.1491068409051,4.220382554170739
uniform_12h,A,18.090452261306535,157.9770407795074,4.193329941484262
uniform_12h,A,18.452261306532666,157.80796166304398,4.165777714636348
uniform_12h,A,18.814070351758794,157.63673509058117,4.136801022888913
uniform_12h,A,19.175879396984925,157.4627566027127,4.106352302743861
uniform_12h,A,19.537688442211056,157.2914907050311,4.075219364524596
uniform_12h,A,19.899497487437188,157.1173114564719,4.042343193568189
uniform_12h,A,20.26130653266332,156.94170779481786,4.008078840742684
uniform_12h,A,20.623115577889447,156.76785921339695,3.972793081964488
uniform_12h,A,20.984924623115578,156.59065895370097,3.935442247125792
uniform_12h,A,21.34673366834171,156.41357035344396,3.896864370985365
uniform_12h,A,21.70854271356784,156.23691255938715,3.8567871584592015
uniform_12h,A,22.07035175879397,156.05666078594706,3.8143712892098893
uniform_12h,A,22.432160804020103,155.87808940228888,3.7708184244740957
uniform_12h,A,22.793969849246235,155.69851809924117,3.725230651049768
uniform_12h,A,23.155778894472363,155.51580388166755,3.6771640166834674
uniform_12h,A,23.517587939698494,155.3351638818424,3.6277871152133088
uniform_12h,A,23.87939698492462,155.15261304576165,3.5758635446907823
uniform_12h,A,24.241206030150757,154.96781905842602,3.5214285465714905
uniform_12h,A,24.603015075376884,154.78474616632414,3.465292789989375
uniform_12h,A,24.964824120603016,154.59920269845423,3.406088709026714
uniform_12h,A,25.32663316582915,154.4125936949469,3.3444379663208292
uniform_12h,A,25.68844221105528,154.2268712670319,3.280488548601817
uniform_12h,A,26.05025125628141,154.0382918667943,3.2129604832369036
uniform_12h,A,26.412060301507537,153.8500889044125,3.1430641784469966
uniform_12h,A,26.77386934673367,153.66172480280264,3.0701227131958806
uniform_12h,A,27.1356783919598,153.4705766543917,2.9932225362048412
uniform_12h,A,27.49748743718593,153.28056739203365,2.913745011337587
uniform_12h,A,27.85929648241206,153.0895970643494,2.830467013629549
uniform_12h,A,28.221105527638194,152.8963634967839,2.7429701068898553
uniform_12h,A,28.582914572864325,152.70437380168764,2.6524096953328486
uniform_12h,A,28.944723618090453,152.51091935744708,2.5572631028120907
uniform_12h,A,29.306532663316585,152.31600892690122,2.4577491404775174
uniform_12h,A,29.668341708542712,152.1220533954115,2.3544301391136693
uniform_12h,A,30.030150753768847,151.9262456743623,2.245691177390774
uniform_12h,A,30.391959798994975,151.73008924391638,2.1325115750499823
uniform_12h,A,30.753768844221106,151.53428230223477,2.014536921890166
uniform_12h,A,31.11557788944724,151.3365601242175,1.8904279234913253
uniform_12h,A,31.47738693467337,151.13936671566873,1.7615443147408358
uniform_12h,A,31.8391959798995,150.94195874257156,1.6268022251054628
uniform_12h,A,32.20100502512563,150.7429405093306,1.485333632734249
uniform_12h,A,32.562814070351756,150.5448197603296,1.3384385799894425
uniform_12h,A,32.924623115577894,150.34613913308362,1.1845664454344427
uniform_12h,A,33.28643216080402,150.14639653132195,1.023488895035164
uniform_12h,A,33.64824120603015,149.94758652277704,0.8560275068179292
uniform_12h,A,34.01005025125629,149.74801353721972,0.6804030419199265
uniform_12h,A,34.37185929648241,149.54812248579412,0.4972044580737905
uniform_12h,A,34.733668341708544,149.34896837441346,0.3063672236118714
uniform_12h,A,35.095477386934675,149.14896760193983,0.10624196042523974
uniform_12h,A,35.45728643216081,148.94946396478556,-0.10200114904356983
uniform_12h,A,35.81909547738694,148.7503900850491,-0.31928231002869084
uniform_12h,A,36.18090452261307,148.55067109957722,-0.5468402041102
uniform_12h,A,36.54271356783919,148.35189167924347,-0.783393199928267
uniform_12h,A,36.90452261306533,148.15337687481676,-1.0304428566672206
uniform_12h,A,37.266331658291456,147.95460375722737,-1.288627633925413
uniform_12h,A,37.62814070351759,147.75696136886165,-1.5569950832450037
uniform_12h,A,37.989949748743726,147.55951692098208,-1.8373838164062508
uniform_12h,A,38.35175879396985,147.36231902466034,-2.1296269052821786
uniform_12h,A,38.71356783919598,147.16627100190246,-2.4335374996131423
uniform_12h,A,39.07537688442211,146.97039487869006,-2.750969949506605
uniform_12h,A,39.437185929648244,146.7753920466087,-3.0810051476094062
uniform_12h,A,39.798994974874375,146.5814207752027,-3.424378562891436
uniform_12h,A,40.1608040201005,146.38777213747449,-3.782600541751984
uniform_12h,A,40.52261306532664,146.1953876407112,-4.154474151791494
uniform_12h,A,40.88442211055277,146.0039757549668,-4.54138656626042
uniform_12h,A,41.246231155778894,145.81316666562847,-4.944281064469147
uniform_12h,A,41.608040201005025,145.62381969716816,-5.362155747754987
uniform_12h,A,41.969849246231156,145.43543367800916,-5.796792004523627
uniform_12h,A,42.33165829145729,145.2479959004275,-6.248368630578681
uniform_12h,A,42.69346733668342,145.0620926956188,-6.716478920807836
uniform_12h,A,43.05527638190954,144.8771633900582,-7.203026653274233
uniform_12h,A,43.41708542713568,144.6935840133684,-7.707352291643573
uniform_12h,A,43.77889447236181,144.51150288763387,-8.229942794218381
uniform_12h,A,44.14070351758794,144.33050010727848,-8.772420607794064
uniform_12h,A,44.502512562814076,144.1511160957507,-9.33370615520887
uniform_12h,A,44.86432160804021,143.9731969416582,-9.914968142808414
uniform_12h,A,45.22613065326633,143.79653024581947,-10.517331784494518
uniform_12h,A,45.58793969849247,143.62161761829722,-11.139710761209788
uniform_12h,A,45.949748743718594,143.44815472888433,-11.783718153589327
uniform_12h,A,46.311557788944725,143.27616372400797,-12.449771740112721
uniform_12h,A,46.67336683417086,143.10595572821336,-13.137217473888974
uniform_12h,A,47.03517587939699,142.93719533476764,-13.847857169350494
uniform_12h,A,47.39698492462312,142.77013985939342,-14.58122851860727
uniform_12h,A,47.75879396984924,142.60481984788163,-15.337505236731491
uniform_12h,A,48.120603015075375,142.44099727803484,-16.118292973476994
uniform_12h,A,48.48241206030151,142.27901189465538,-16.922562462550825
uniform_12h,A,48.84422110552764,142.11871282816102,-17.751168304088047
uniform_12h,A,49.20603015075377,141.96000957451005,-18.605278520161175
uniform_12h,A,49.56783919597991,141.80317973802346,-19.483725463728657
uniform_12h,A,49.92964824120603,141.6479835154869,-20.38784979860349
uniform_12h,A,50.29145728643216,141.49451573060634,-21.318127930558497
uniform_12h,A,50.6532663316583,141.34287054816707,-22.273756764036786
uniform_12h,A,51.015075376884425,141.19282158704416,-23.256229181441732
uniform_12h,A,51.37688442211056,141.044623688416,-24.26526226747765
uniform_12h,A,51.73869346733668,140.89816123350812,-25.300646262762484
uniform_12h,A,52.10050251256282,140.75330594554893,-26.363844573734124
uniform_12h,A,52.46231155778895,140.61032877988316,-27.45382799939261
uniform_12h,A,52.824120603015075,140.46900286994344,-28.571174342644177
uniform_12h,A,53.185929648241206,140.32933710283942,-29.716926767809735
uniform_12h,A,53.54773869346734,140.1914898647236,-30.889869267821847
uniform_12h,A,53.90954773869347,140.05521840207646,-32.09099762064576
uniform_12h,A,54.2713567839196,139.92067916187747,-33.320827326601645
uniform_12h,A,54.633165829145725,139.7878504307416,-34.57830717184791
uniform_12h,A,54.99497487437186,139.65652120055628,-35.86463860682682
uniform_12h,A,55.356783919597994,139.52701805395088,-37.179609352255525
uniform_12h,A,55.71859296482412,139.39907842971226,-38.522714897535785
uniform_12h,A,56.08040201005026,139.27263525257047,-39.89519747362549
uniform_12h,A,56.44221105527639,139.14796272170034,-41.29608512727094
uniform_12h,A,56.80402010050251,139.0247522125284,-42.72560029574558
uniform_12h,A,57.16582914572865,138.90307688728265,-44.18459657142019
uniform_12h,A,57.527638190954775,138.78305238905835,-45.67193965335569
uniform_12h,A,57.88944723618091,138.66439625810813,-47.18823476909968
uniform_12h,A,58.25125628140704,138.54733142879493,-48.733898751887644
uniform_12h,A,58.61306532663317,138.43176598482034,-50.30784866607899
uniform_12h,A,58.9748743718593,138.31747702453814,-51.91093534080369
uniform_12h,A,59.336683417085425,138.20484989608278,-53.54308204758647
uniform_12h,A,59.698492462311556,138.09354407358617,-55.20345374183878
uniform_12h,A,60.060301507537694,137.983499011207,-56.893056724882655
uniform_12h,A,60.42211055276382,137.87506139637767,-58.610977807392956
uniform_12h,A,60.78391959798995,137.76780914688777,-60.3572550248415
uniform_12h,A,61.14572864321609,137.66186075253458,-62.132550341849225
uniform_12h,A,61.50753768844221,137.55736384476927,-63.93563536370189
uniform_12h,A,61.869346733668344,137.45395871011107,-65.76693130083194
uniform_12h,A,62.23115577889448,137.35191963733735,-67.62685254009479
uniform_12h,A,62.59296482412061,137.25114815482496,-69.51412173077608
uniform_12h,A,62.95477386934674,137.15137431277338,-71.42940461009135
uniform_12h,A,63.31658291457286,137.0530553662087,-73.37260935920266
uniform_12h,A,63.678391959799,136.95579372566064,-75.34283602010242
uniform_12h,A,64.04020100502512,136.85949870478996,-77.34087866001794
uniform_12h,A,64.40201005025126,136.76464173829126,-79.36584279702495
uniform_12h,A,64.76381909547739,136.67067528867753,-81.4175762590274
uniform_12h,A,65.12562814070351,136.5777442097472,-83.49655908046675
uniform_12h,A,65.48743718592965,136.48606269277755,-85.60178326490184
uniform_12h,A,65.84924623115579,136.39517806223162,-87.73341099473166
uniform_12h,A,66.21105527638191,136.30541429862316,-89.89172150500123
uniform_12h,A,66.57286432160804,136.21669648917046,-92.07546157396646
uniform_12h,A,66.93467336683418,136.12868463365618,-94.28511789666462
uniform_12h,A,67.2964824120603,136.04190585385692,-96.52068537187061
uniform_12h,A,67.65829145728644,135.95594289785916,-98.78105368978756
uniform_12h,A,68.02010050251258,135.87063245978152,-101.06689692433108
uniform_12h,A,68.3819095477387,135.78662033509352,-103.37756005775678
uniform_12h,A,68.74371859296483,135.70320607167585,-105.71258269416606
uniform_12h,A,69.10552763819095,135.62054434560886,-108.07240528067584
uniform_12h,A,69.46733668341709,135.53897071303507,-110.45610736296527
uniform_12h,A,69.82914572864323,135.45790322745955,-112.86371444430246
uniform_12h,A,70.19095477386935,135.37771469395565,-115.2953419316228
uniform_12h,A,70.55276381909547,135.29838106484755,-117.74999452775596
uniform_12h,A,70.91457286432161,135.21946892692938,-120.22790633481269
uniform_12h,A,71.27638190954774,135.14157719368032,-122.7292107578936
uniform_12h,A,71.63819095477388,135.06428952160368,-125.25262495280701
uniform_12h,A,72.0,134.9873385465213,-127.79868611913761
accel_30x_4.7h,A,0.0,174.99999999999997,5.0
accel_30x_4.7h,A,0.36180904522613067,165.38674215375696,4.757156825579061
accel_30x_4.7h,A,0.7236180904522613,165.02229220340803,4.744501959543001
accel_30x_4.7h,A,1.085427135678392,164.64267517096962,4.730529136053218
accel_30x_4.7h,A,1.4472361809045227,164.2863263107798,4.716673844659673
accel_30x_4.7h,A,1.8090452261306533,163.90875367863595,4.701154867136831
accel_30x_4.7h,A,2.170854271356784,163.52616272880667,4.684456319801223
accel_30x_4.7h,A,2.532663316582915,163.15691610009767,4.667425789445263
accel_30x_4.7h,A,2.8944723618090453,162.76452109495744,4.648254563799627
accel_30x_4.7h,A,3.256281407035176,162.37878853813356,4.628215993947884
accel_30x_4.7h,A,3.6180904522613067,161.99492642433063,4.607132811773759
accel_30x_4.7h,A,3.9798994974874375,161.58632829167726,4.583318877509758
accel_30x_4.7h,A,4.341708542713568,161.20450553960973,4.5574294649949065
accel_30x_4.7h,A,4.703517587939698,160.80626703610955,4.5286005313237565
accel_30x_4.7h,A,5.06532663316583,160.39545904085568,4.49582383379828
accel_30x_4.7h,A,5.42713567839196,160.0126739448339,4.457183818081825
accel_30x_4.7h,A,5.788944723618091,159.6051995873089,4.412465113054652
accel_30x_4.7h,A,6.150753768844221,159.1812938272745,4.361948316434674
accel_30x_4.7h,A,6.512562814070352,158.77836634878815,4.309341569724747
accel_30x_4.7h,A,6.874371859296483,158.35626907654918,4.24903168122354
accel_30x_4.7h,A,7.236180904522613,157.92588395752725,4.182249404002914
accel_30x_4.7h,A,7.597989949748744,157.50970649938319,4.1111798953325
accel_30x_4.7h,A,7.959798994974875,157.07321887650136,4.029407668961221
accel_30x_4.7h,A,8.321608040201005,156.63663191441148,3.940617522164245
accel_30x_4.7h,A,8.683417085427136,156.20680496829934,3.844066376218278
accel_30x_4.7h,A,9.045226130653267,155.75616260473822,3.7330633105684483
accel_30x_4.7h,A,9.407035175879397,155.31415800191655,3.614323890157422
accel_30x_4.7h,A,9.768844221105528,154.87136148811237,3.4828845136458773
accel_30x_4.7h,A,10.13065326633166,154.41083435708669,3.3332385086176943
accel_30x_4.7h,A,10.492462311557789,153.9618684477951,3.173114092036488
accel_30x_4.7h,A,10.85427135678392,153.50816981600548,2.994428642003536
accel_30x_4.7h,A,11.216080402010052,153.04228548241178,2.7937171841029804
accel_30x_4.7h,A,11.577889447236181,152.58726368143473,2.5776307847714452
accel_30x_4.7h,A,11.93969849246231,152.12648918012457,2.3359541906066887
accel_30x_4.7h,A,12.301507537688442,151.66016340962543,2.0684127759556774
accel_30x_4.7h,A,12.663316582914575,151.20286937603703,1.7783865418821108
accel_30x_4.7h,A,13.025125628140705,150.7403237439202,1.4545605565570143
accel_30x_4.7h,A,13.386934673366834,150.2796032608154,1.1010937700956813
accel_30x_4.7h,A,13.748743718592966,149.82575843266343,0.7159636840718304
accel_30x_4.7h,A,14.110552763819097,149.36891810933187,0.28888932276322277
accel_30x_4.7h,A,14.472361809045227,148.91939813767354,-0.17320059694877663
accel_30x_4.7h,A,14.834170854271356,148.47553943006483,-0.6768829135828911
accel_30x_4.7h,A,15.195979899497488,148.03240125223718,-1.2298042434380632
accel_30x_4.7h,A,15.55778894472362,147.59905949629075,-1.82473780002037
accel_30x_4.7h,A,15.91959798994975,147.1714104531211,-2.471096410859922
accel_30x_4.7h,A,16.281407035175878,146.74841805102642,-3.172534430683474
accel_30x_4.7h,A,16.64321608040201,146.33588548148995,-3.9238658232854027
accel_30x_4.7h,A,17.005025125628144,145.92944577025537,-4.735703379442825
accel_30x_4.7h,A,17.366834170854272,145.5311707666484,-5.606412400148144
accel_30x_4.7h,A,17.728643216080403,145.1428349068832,-6.53507667106078
accel_30x_4.7h,A,18.090452261306535,144.76129564970378,-7.531240285286938
accel_30x_4.7h,A,18.452261306532666,144.38995175875493,-8.5890396874581
accel_30x_4.7h,A,18.814070351758794,144.027636182355,-9.711702030521517
accel_30x_4.7h,A,19.175879396984925,143.67310683307053,-10.905871653653843
accel_30x_4.7h,A,19.537688442211056,143.32898703576683,-12.164169950083707
accel_30x_4.7h,A,19.899497487437188,142.9930223452108,-13.492203746520524
accel_30x_4.7h,A,20.26130653266332,142.66580991933898,-14.892809025933024
accel_30x_4.7h,A,20.623115577889447,142.34810576210435,-16.359432652998674
accel_30x_4.7h,A,20.984924623115578,142.0376118380793,-17.89860389214198
accel_30x_4.7h,A,21.34673366834171,141.73676407169688,-19.508701688442212
accel_30x_4.7h,A,21.70854271356784,141.4438174609092,-21.18601454390359
accel_30x_4.7h,A,22.07035175879397,141.15767447212923,-22.93647883938331
accel_30x_4.7h,A,22.432160804020103,140.8808067979228,-24.75452852660718
accel_30x_4.7h,A,22.793969849246235,140.61039394620178,-26.640003140802786
accel_30x_4.7h,A,23.155778894472363,140.34680289028321,-28.596698894697713
accel_30x_4.7h,A,23.517587939698494,140.09122044163925,-30.617606234122093
accel_30x_4.7h,A,23.87939698492462,139.8407910607187,-32.704679611637495
accel_30x_4.7h,A,24.241206030150757,139.5974911503416,-34.8591231788332
accel_30x_4.7h,A,24.603015075376884,139.36046201251733,-37.07438514341136
accel_30x_4.7h,A,24.964824120603016,139.12731271005254,-39.35342073380379
accel_30x_4.7h,A,25.32663316582915,138.90192312941366,-41.694549394242806
accel_30x_4.7h,A,25.68844221105528,138.68068922832256,-44.093225017310424
accel_30x_4.7h,A,26.05025125628141,138.46281475801624,-46.552375259351024
accel_30x_4.7h,A,26.412060301507537,138.25223537601238,-49.06752097520472
accel_30x_4.7h,A,26.77386934673367,138.04407474546352,-51.63693587751619
accel_30x_4.7h,A,27.1356783919598,137.83963835403094,-54.26242768814434
accel_30x_4.7h,A,27.49748743718593,137.64073262811368,-56.93855316634802
accel_30x_4.7h,A,27.85929648241206,137.4429956219769,-59.665294188623754
accel_30x_4.7h,A,28.221105527638194,137.2497841781262,-62.443071906968555
accel_30x_4.7h,A,28.582914572864325,137.05997503873988,-65.26656927829862
accel_30x_4.7h,A,28.944723618090453,136.8700695629057,-68.13684479516922
accel_30x_4.7h,A,29.306532663316585,136.68603140851945,-71.05264040349827
accel_30x_4.7h,A,29.668341708542712,136.50281506356006,-74.00999467000888
accel_30x_4.7h,A,30.030150753768847,136.31890938131642,-77.01021983074475
accel_30x_4.7h,A,30.391959798994975,136.14143419579673,-80.05034934732576
accel_30x_4.7h,A,30.753768844221106,135.96237688331416,-83.12831931176781
accel_30x_4.7h,A,31.11557788944724,135.78371661485855,-86.2451592784436
accel_30x_4.7h,A,31.47738693467337,135.60930295479798,-89.39680227754052
accel_30x_4.7h,A,31.8391959798995,135.43200837500143,-92.58284600968544
accel_30x_4.7h,A,32.20100502512563,135.25683267159852,-95.80337828735864
accel_30x_4.7h,A,32.562814070351756,135.08316117272776,-99.05464382923277
accel_30x_4.7h,A,32.924623115577894,134.90525212327591,-102.33691479631003
accel_30x_4.7h,A,33.28643216080402,134.73191478521818,-105.649316122013
accel_30x_4.7h,A,33.64824120603015,134.55668829739574,-108.98905481908872
accel_30x_4.7h,A,34.01005025125629,134.3761054218572,-112.35661952929964
accel_30x_4.7h,A,34.37185929648241,134.20275478146812,-115.75020350537594
accel_30x_4.7h,A,34.733668341708544,134.02366280022682,-119.1681698431724
accel_30x_4.7h,A,35.095477386934675,133.84123541786514,-122.61087599408307
accel_30x_4.7h,A,35.45728643216081,133.66324458990317,-126.07599150241717
accel_30x_4.7h,A,35.81909547738694,133.47795748261143,-129.5628484168109
accel_30x_4.7h,A,36.18090452261307,133.29229419045478,-133.07140283683495
accel_30x_4.7h,A,36.54271356783919,133.10736052895714,-136.59938218293027
accel_30x_4.7h,A,36.90452261306533,132.91351268199057,-140.14667262410475
accel_30x_4.7h,A,37.266331658291456,132.72329860200867,-143.71276166549455
accel_30x_4.7h,A,37.62814070351759,132.52915068645692,-147.29578850165237
accel_30x_4.7h,A,37.989949748743726,132.32434895627597,-150.8959079895797
accel_30x_4.7h,A,38.35175879396985,132.12841960807168,-154.51210251838518
accel_30x_4.7h,A,38.71356783919598,131.92276846247805,-158.14317037571834
accel_30x_4.7h,A,39.07537688442211,131.70913544339334,-161.78926793603694
accel_30x_4.7h,A,39.437185929648244,131.50195442213348,-165.4490214790771
accel_30x_4.7h,A,39.798994974874375,131.28250557843614,-169.12187888290205
accel_30x_4.7h,A,40.1608040201005,131.05970899066494,-172.8078107624974
accel_30x_4.7h,A,40.52261306532664,130.83838632598776,-176.50540368053166
accel_30x_4.7h,A,40.88442211055277,130.60285683637585,-180.21449969255013
accel_30x_4.7h,A,41.246231155778894,130.3700830579837,-183.93480964355552
accel_30x_4.7h,A,41.608040201005025,130.13245742300984,-187.6651624188126
accel_30x_4.7h,A,41.969849246231156,129.8786088257605,-191.40558059495126
accel_30x_4.7h,A,42.33165829145729,129.6352589196433,-195.15551305412862
accel_30x_4.7h,A,42.69346733668342,129.37925746998758,-198.91413581161993
accel_30x_4.7h,A,43.05527638190954,129.10970242313834,-202.68153465795422
accel_30x_4.7h,A,43.41708542713568,128.8506649468103,-206.4568981611781
accel_30x_4.7h,A,43.77889447236181,128.5743260486825,-210.23983376433694
accel_30x_4.7h,A,44.14070351758794,128.2912782466567,-214.03031421175
accel_30x_4.7h,A,44.502512562814076,128.01225867571267,-217.82751677447914
accel_30x_4.7h,A,44.86432160804021,127.71375844149289,-221.63128690971735
accel_30x_4.7h,A,45.22613065326633,127.41729903272902,-225.4414704108273
accel_30x_4.7h,A,45.58793969849247,127.11661156108231,-229.25735143017462
accel_30x_4.7h,A,45.949748743718594,126.7943067625027,-233.07890637334594
accel_30x_4.7h,A,46.311557788944725,126.4848002646279,-236.90584006882824
accel_30x_4.7h,A,46.67336683417086,126.16101171888064,-240.73763148847456
accel_30x_4.7h,A,47.03517587939699,125.81764876822393,-244.57430292038123
accel_30x_4.7h,A,47.39698492462312,125.49161623590078,-248.41542045966395
accel_30x_4.7h,A,47.75879396984924,125.14354061396709,-252.2607044183932
accel_30x_4.7h,A,48.120603015075375,124.78555362335418,-256.11013995886043
accel_30x_4.7h,A,48.48241206030151,124.43641382014248,-259.9632529109012
accel_30x_4.7h,A,48.84422110552764,124.06312997466266,-263.81992328223726
accel_30x_4.7h,A,49.20603015075377,123.69173321915616,-267.68007233968115
accel_30x_4.7h,A,49.56783919597991,123.31873271191196,-271.543279453469
accel_30x_4.7h,A,49.92964824120603,122.9196051154762,-275.4095072385528
accel_30x_4.7h,A,50.29145728643216,122.53630078205326,-279.2786016807686
accel_30x_4.7h,A,50.6532663316583,122.13900218742839,-283.1502548872927
accel_30x_4.7h,A,51.015075376884425,121.71592797621088,-287.02445728494104
accel_30x_4.7h,A,51.37688442211056,121.32024881231224,-290.9009905931037
accel_30x_4.7h,A,51.73869346733668,120.89850947687736,-294.77966704216504
accel_30x_4.7h,A,52.10050251256282,120.46372847747965,-298.66047036734176
accel_30x_4.7h,A,52.46231155778895,120.04542437912752,-302.5431557035013
accel_30x_4.7h,A,52.824120603015075,119.59938251416929,-306.4276323799303
accel_30x_4.7h,A,53.185929648241206,119.15508772748429,-310.3138550251773
accel_30x_4.7h,A,53.54773869346734,118.714428337906,-314.20160228756
accel_30x_4.7h,A,53.90954773869347,118.24449043406882,-318.0908342679733
accel_30x_4.7h,A,54.2713567839196,117.79302769093503,-321.9814758863608
accel_30x_4.7h,A,54.633165829145725,117.33054840898185,-325.87335505716
accel_30x_4.7h,A,54.99497487437186,116.83736661954929,-329.76645508881796
accel_30x_4.7h,A,55.356783919597994,116.38119318710028,-333.6606728952795
accel_30x_4.7h,A,55.71859296482412,115.8976373241012,-337.5558977268049
accel_30x_4.7h,A,56.08040201005026,115.39780311590725,-341.45211584947776
accel_30x_4.7h,A,56.44221105527639,114.92368809612631,-345.3492086833694
accel_30x_4.7h,A,56.80402010050251,114.41997389907621,-349.2471199901128
accel_30x_4.7h,A,57.16582914572865,113.91712098632942,-353.1458244934736
accel_30x_4.7h,A,57.527638190954775,113.42493572941278,-357.04521636872954
accel_30x_4.7h,A,57.88944723618091,112.90209202892113,-360.94526679164
accel_30x_4.7h,A,58.25125628140704,112.3987486239673,-364.84594006335686
accel_30x_4.7h,A,58.61306532663317,111.88950943879881,-368.74715364665724
accel_30x_4.7h,A,58.9748743718593,111.34863474328824,-372.6488924318515
accel_30x_4.7h,A,59.336683417085425,110.84716990756719,-376.55111113090646
accel_30x_4.7h,A,59.698492462311556,110.32195378224348,-380.45375614218796
accel_30x_4.7h,A,60.060301507537694,109.77708203712604,-384.35681744118915
accel_30x_4.7h,A,60.42211055276382,109.26687447665054,-388.2602442367028
accel_30x_4.7h,A,60.78391959798995,108.72670664338074,-392.16400601940427
accel_30x_4.7h,A,61.14572864321609,108.18542355314743,-396.06809150376154
accel_30x_4.7h,A,61.50753768844221,107.66201087847101,-399.9724548671241
accel_30x_4.7h,A,61.869346733668344,107.10790014120437,-403.8770809962282
accel_30x_4.7h,A,62.23115577889448,106.57218221007778,-407.7819565097569
accel_30x_4.7h,A,62.59296482412061,106.03646034445816,-411.68704353561634
accel_30x_4.7h,A,62.95477386934674,105.46928485283787,-415.59233526747107
accel_30x_4.7h,A,63.31658291457286,104.94089784250635,-419.49781520111884
accel_30x_4.7h,A,63.678391959799,104.39364877974161,-423.40345792051164
accel_30x_4.7h,A,64.04020100502512,103.82314668176984,-427.3092590509569
accel_30x_4.7h,A,64.40201005025126,103.29469821579885,-431.21520052793085
accel_30x_4.7h,A,64.76381909547739,102.73661087682882,-435.1212681328121
accel_30x_4.7h,A,65.12562814070351,102.17434142053156,-439.0274572244812
accel_30x_4.7h,A,65.48743718592965,101.63625712127825,-442.9337511018312
accel_30x_4.7h,A,65.84924623115579,101.0678902758555,-446.84014292974956
accel_30x_4.7h,A,66.21105527638191,100.51507915853118,-450.74662713617835
accel_30x_4.7h,A,66.57286432160804,99.9678598453948,-454.6531903734876
accel_30x_4.7h,A,66.93467336683418,99.389632596222,-458.55982923754334
accel_30x_4.7h,A,67.2964824120603,98.84736807771023,-462.46653784356073
accel_30x_4.7h,A,67.65829145728644,98.29135475493722,-466.37330668828537
accel_30x_4.7h,A,68.02010050251258,97.70813931711068,-470.28013395932277
accel_30x_4.7h,A,68.3819095477387,97.17281426196652,-474.18701341581243
accel_30x_4.7h,A,68.74371859296483,96.6082720630072,-478.09393941636876
accel_30x_4.7h,A,69.10552763819095,96.03570987950167,-482.0009105911269
accel_30x_4.7h,A,69.46733668341709,95.49271011293096,-485.9079208052628
accel_30x_4.7h,A,69.82914572864323,94.91983162797794,-489.8149674178036
accel_30x_4.7h,A,70.19095477386935,94.3586266527121,-493.7220487121809
accel_30x_4.7h,A,70.55276381909547,93.80811076625012,-497.6291598915103
accel_30x_4.7h,A,70.91457286432161,93.22698938086742,-501.53629960365265
accel_30x_4.7h,A,71.27638190954774,92.6777933840483,-505.4434659778503
accel_30x_4.7h,A,71.63819095477388,92.11981940862569,-509.35065547935955
accel_30x_4.7h,A,72.0,91.53050969093833,-513.2578674707363
