rank,gene_id,n_reactions,baseline_flux_sum,atp_after_ko,atp_impact,atp_impact_pct,complex
1,ENSMUSG00000020163,1,39.541263,2.102624,98.78968,97.916,Complex III
2,ENSMUSG00000061518,1,19.770631,2.102624,98.78968,97.916,Complex IV
3,ENSMUSG00000035885,1,19.770631,2.102624,98.78968,97.916,Complex IV
4,ENSMUSG00000017778,1,19.770631,2.102624,98.78968,97.916,Complex IV
5,ENSMUSG00000031231,1,19.770631,2.102624,98.78968,97.916,Complex IV
6,ENSMUSG00000024248,1,19.770631,2.102624,98.78968,97.916,Complex IV
7,ENSMUSG00000032330,1,19.770631,2.102624,98.78968,97.916,Complex IV
8,ENSMUSG00000074218,1,19.770631,2.102624,98.78968,97.916,Complex IV
9,ENSMUSG00000014313,1,19.770631,2.102624,98.78968,97.916,Complex IV
10,ENSMUSG00000051811,1,19.770631,2.102624,98.78968,97.916,Complex IV
11,ENSMUSG00000036751,1,19.770631,2.102624,98.78968,97.916,Complex IV
12,ENSMUSG00000030785,1,19.770631,2.102624,98.78968,97.916,Complex IV
13,ENSMUSG00000041697,1,19.770631,2.102624,98.78968,97.916,Complex IV
14,ENSMUSG00000000088,1,19.770631,2.102624,98.78968,97.916,Complex IV
15,ENSG00000184076,1,39.541263,2.102624,98.78968,97.916,Complex III
16,ENSMUSG00000009876,1,19.770631,2.102624,98.78968,97.916,Complex IV
17,ENSMUSG00000031818,1,19.770631,2.102624,98.78968,97.916,Complex IV
18,ENSMUSG00000042298,1,39.541263,2.102624,98.78968,97.916,Complex III
19,ENSMUSG00000059534,1,39.541263,2.102624,98.78968,97.916,Complex III
20,ENSG00000172115,1,39.541263,2.102624,98.78968,97.916,Complex III
21,ENSMUSG00000025651,1,39.541263,2.102624,98.78968,97.916,Complex III
22,ENSMUSG00000030884,1,39.541263,2.102624,98.78968,97.916,Complex III
23,ENSMUSG00000063882,1,39.541263,2.102624,98.78968,97.916,Complex III
24,ENSMUSG00000021520,1,39.541263,2.102624,98.78968,97.916,Complex III
25,ENSMUSG00000038462,1,39.541263,2.102624,98.78968,97.916,Complex III
26,ENSMUSG00000063694,1,39.541263,2.102624,98.78968,97.916,Complex III
27,ENSMUSG00000043319,1,19.770631,2.102624,98.78968,97.916,Complex IV
28,ENSG00000198712,1,19.770631,2.102624,98.78968,97.916,Complex IV
29,ENSG00000187581,1,19.770631,2.102624,98.78968,97.916,Complex IV
30,ENSG00000127184,1,19.770631,2.102624,98.78968,97.916,Complex IV
31,ENSG00000011295,1,39.541263,2.102624,98.78968,97.916,Complex III
32,ENSG00000156467,1,39.541263,2.102624,98.78968,97.916,Complex III
33,ENSG00000179091,1,39.541263,2.102624,98.78968,97.916,Complex III
34,ENSG00000198727,1,39.541263,2.102624,98.78968,97.916,Complex III
35,ENSG00000173660,1,39.541263,2.102624,98.78968,97.916,Complex III
36,ENSG00000169021,1,39.541263,2.102624,98.78968,97.916,Complex III
37,ENSG00000127540,1,39.541263,2.102624,98.78968,97.916,Complex III
38,ENSG00000140740,1,39.541263,2.102624,98.78968,97.916,Complex III
39,ENSG00000198938,1,19.770631,2.102624,98.78968,97.916,Complex IV
40,ENSG00000131055,1,19.770631,2.102624,98.78968,97.916,Complex IV
41,ENSG00000178741,1,19.770631,2.102624,98.78968,97.916,Complex IV
42,ENSG00000111775,1,19.770631,2.102624,98.78968,97.916,Complex IV
43,ENSG00000115944,1,19.770631,2.102624,98.78968,97.916,Complex IV
44,ENSG00000156885,1,19.770631,2.102624,98.78968,97.916,Complex IV
45,ENSG00000176340,1,19.770631,2.102624,98.78968,97.916,Complex IV
46,ENSG00000131174,1,19.770631,2.102624,98.78968,97.916,Complex IV
47,ENSG00000161281,1,19.770631,2.102624,98.78968,97.916,Complex IV
48,ENSG00000135940,1,19.770631,2.102624,98.78968,97.916,Complex IV
49,ENSG00000126267,1,19.770631,2.102624,98.78968,97.916,Complex IV
50,ENSG00000164919,1,19.770631,2.102624,98.78968,97.916,Complex IV
51,ENSG00000198804,1,19.770631,2.102624,98.78968,97.916,Complex IV
52,ENSG00000160471,1,19.770631,2.102624,98.78968,97.916,Complex IV
53,ENSG00000112695,1,19.770631,2.102624,98.78968,97.916,Complex IV
54,ENSG00000131143,1,19.770631,2.102624,98.78968,97.916,Complex IV
55,ENSMUSG00000022551,1,39.541263,2.102624,98.78968,97.916,Complex III
56,ENSG00000010256,1,39.541263,2.102624,98.78968,97.916,Complex III
57,ENSG00000062485,1,6.801391,6.581458,94.310846,93.4767,Other
58,ENSMUSG00000005683,1,6.801391,6.581458,94.310846,93.4767,Other
59,ENSMUSG00000034566,1,93.39326,7.56363,93.328673,92.5033,Complex V
60,ENSMUSG00000016252,1,93.39326,7.56363,93.328673,92.5033,Complex V
61,ENSMUSG00000050856,1,93.39326,7.56363,93.328673,92.5033,Complex V
62,ENSMUSG00000018770,1,93.39326,7.56363,93.328673,92.5033,Complex V
63,ENSMUSG00000062683,1,93.39326,7.56363,93.328673,92.5033,Complex V
64,ENSMUSG00000006057,1,93.39326,7.56363,93.328673,92.5033,Complex V
65,ENSMUSG00000000563,1,93.39326,7.56363,93.328673,92.5033,Complex V
66,ENSMUSG00000025781,1,93.39326,7.56363,93.328673,92.5033,Complex V
67,ENSMUSG00000003072,1,93.39326,7.56363,93.328673,92.5033,Complex V
68,ENSMUSG00000038690,1,93.39326,7.56363,93.328673,92.5033,Complex V
69,ENSMUSG00000025393,1,93.39326,7.56363,93.328673,92.5033,Complex V
70,ENSMUSG00000025428,1,93.39326,7.56363,93.328673,92.5033,Complex V
71,ENSG00000241468,1,93.39326,7.56363,93.328673,92.5033,Complex V
72,ENSG00000198899,1,93.39326,7.56363,93.328673,92.5033,Complex V
73,ENSMUSG00000022890,1,93.39326,7.56363,93.328673,92.5033,Complex V
74,ENSMUSG00000038717,1,93.39326,7.56363,93.328673,92.5033,Complex V
75,ENSG00000099624,1,93.39326,7.56363,93.328673,92.5033,Complex V
76,ENSMUSG00000022956,1,93.39326,7.56363,93.328673,92.5033,Complex V
77,ENSG00000159199,1,93.39326,7.56363,93.328673,92.5033,Complex V
78,ENSG00000167283,1,93.39326,7.56363,93.328673,92.5033,Complex V
79,ENSG00000110955,1,93.39326,7.56363,93.328673,92.5033,Complex V
80,ENSG00000135390,1,93.39326,7.56363,93.328673,92.5033,Complex V
81,ENSG00000124172,1,93.39326,7.56363,93.328673,92.5033,Complex V
82,ENSG00000241837,1,93.39326,7.56363,93.328673,92.5033,Complex V
83,ENSG00000167863,1,93.39326,7.56363,93.328673,92.5033,Complex V
84,ENSG00000165629,1,93.39326,7.56363,93.328673,92.5033,Complex V
85,ENSG00000169020,1,93.39326,7.56363,93.328673,92.5033,Complex V
86,ENSG00000228253,1,93.39326,7.56363,93.328673,92.5033,Complex V
87,ENSG00000154723,1,93.39326,7.56363,93.328673,92.5033,Complex V
88,ENSG00000249222,1,93.39326,7.56363,93.328673,92.5033,Complex V
89,ENSG00000154518,1,93.39326,7.56363,93.328673,92.5033,Complex V
90,ENSG00000152234,1,93.39326,7.56363,93.328673,92.5033,Complex V
91,ENSG00000116459,1,93.39326,7.56363,93.328673,92.5033,Complex V
92,ENSMUSG00000058076,1,6.849391,26.081941,74.810362,74.1487,Complex II
93,ENSMUSG00000009863,1,6.849391,26.081941,74.810362,74.1487,Complex II
94,ENSG00000073578,1,6.849391,26.081941,74.810362,74.1487,Complex II
95,ENSG00000117118,1,6.849391,26.081941,74.810362,74.1487,Complex II
96,ENSMUSG00000021577,1,6.849391,26.081941,74.810362,74.1487,Complex II
97,ENSG00000143252,1,6.849391,26.081941,74.810362,74.1487,Complex II
98,ENSMUSG00000019179,1,9.128391,27.885253,73.007051,72.3614,Other
99,ENSG00000146701,1,9.128391,27.885253,73.007051,72.3614,Other
100,ENSMUSG00000026526,2,6.849391,28.025633,72.866671,72.2222,Other
101,ENSG00000091483,2,6.849391,28.025633,72.866671,72.2222,Other
102,ENSMUSG00000032047,1,0.677674,43.399834,57.49247,56.984,Other
103,ENSG00000075239,1,0.677674,43.399834,57.49247,56.984,Other
104,ENSMUSG00000027984,7,2.39337,47.788144,53.10416,52.6345,Other
105,ENSMUSG00000025465,7,2.39337,47.788144,53.10416,52.6345,Other
106,ENSG00000127884,7,2.39337,47.788144,53.10416,52.6345,Other
107,ENSG00000138796,6,1.923696,47.788144,53.10416,52.6345,Other
108,ENSMUSG00000029545,3,0.484674,49.219714,51.67259,51.2156,Other
109,ENSG00000167315,5,1.882696,49.694531,51.197773,50.745,Other
110,ENSMUSG00000036880,5,1.882696,49.694531,51.197773,50.745,Other
111,ENSMUSG00000027809,7,3.287717,49.702077,51.190227,50.7375,Other
112,ENSG00000106992,2,0.469674,49.747612,51.144692,50.6924,Other
113,ENSMUSG00000020089,1,0.469674,49.747612,51.144692,50.6924,Other
114,ENSG00000180817,1,0.469674,49.747612,51.144692,50.6924,Other
115,ENSMUSG00000026817,2,0.469674,49.747612,51.144692,50.6924,Other
116,ENSG00000117054,3,1.409022,49.845883,51.046421,50.595,Other
117,ENSG00000130377,1,0.469674,49.845883,51.046421,50.595,Other
118,ENSMUSG00000018796,1,0.469674,49.845883,51.046421,50.595,Other
119,ENSMUSG00000032602,1,0.469674,49.845883,51.046421,50.595,Other
120,ENSG00000138029,2,0.939348,49.845883,51.046421,50.595,Other
121,ENSG00000068366,1,0.469674,49.845883,51.046421,50.595,Other
122,ENSG00000151726,1,0.469674,49.845883,51.046421,50.595,Other
123,ENSG00000164398,1,0.469674,49.845883,51.046421,50.595,Other
124,ENSMUSG00000031278,1,0.469674,49.845883,51.046421,50.595,Other
125,ENSG00000205560,1,0.469674,49.845883,51.046421,50.595,Other
126,ENSG00000178537,1,0.469674,49.845883,51.046421,50.595,Other
127,ENSG00000157184,1,0.469674,49.845883,51.046421,50.595,Other
128,ENSG00000171503,5,2.34837,49.845883,51.046421,50.595,Other
129,ENSMUSG00000032883,1,0.469674,49.845883,51.046421,50.595,Other
130,ENSG00000115361,2,0.939348,49.845883,51.046421,50.595,Other
131,ENSMUSG00000032281,1,0.469674,49.845883,51.046421,50.595,Other
132,ENSMUSG00000028607,1,0.469674,49.845883,51.046421,50.595,Other
133,ENSG00000103740,1,0.469674,49.845883,51.046421,50.595,Other
134,ENSG00000197142,1,0.469674,49.845883,51.046421,50.595,Other
135,ENSG00000123983,1,0.469674,49.845883,51.046421,50.595,Other
136,ENSMUSG00000026003,2,0.939348,49.845883,51.046421,50.595,Other
137,ENSMUSG00000020333,1,0.469674,49.845883,51.046421,50.595,Other
138,ENSMUSG00000062908,4,1.878696,49.845883,51.046421,50.595,Other
139,ENSMUSG00000025745,2,0.939348,49.845883,51.046421,50.595,Other
140,ENSMUSG00000059447,2,0.939348,49.845883,51.046421,50.595,Other
141,ENSG00000084754,2,0.939348,49.845883,51.046421,50.595,Other
142,ENSMUSG00000078937,1,0.469674,49.845883,51.046421,50.595,Other
143,ENSMUSG00000024207,1,0.469674,49.845883,51.046421,50.595,Other
144,ENSMUSG00000024981,1,0.469674,49.845883,51.046421,50.595,Other
145,ENSMUSG00000031584,3,0.029369,69.895555,30.996749,30.7226,Other
146,ENSMUSG00000063856,1,0.029369,69.895555,30.996749,30.7226,Other
147,ENSG00000185633,1,29.368523,69.895555,30.996749,30.7226,Complex I
148,ENSG00000109390,1,29.368523,69.895555,30.996749,30.7226,Complex I
149,ENSG00000158864,1,29.368523,69.895555,30.996749,30.7226,Complex I
150,ENSG00000147123,1,29.368523,69.895555,30.996749,30.7226,Complex I
151,ENSG00000183648,1,29.368523,69.895555,30.996749,30.7226,Complex I
152,ENSG00000165264,1,29.368523,69.895555,30.996749,30.7226,Complex I
153,ENSG00000164258,1,29.368523,69.895555,30.996749,30.7226,Complex I
154,ENSG00000131495,1,29.368523,69.895555,30.996749,30.7226,Complex I
155,ENSG000001152863,1,29.368523,69.895555,30.996749,30.7226,Complex I
156,ENSG00000186010,1,29.368523,69.895555,30.996749,30.7226,Complex I
157,ENSG00000147684,1,29.368523,69.895555,30.996749,30.7226,Complex I
158,ENSG00000145494,1,29.368523,69.895555,30.996749,30.7226,Complex I
159,ENSG00000151366,1,29.368523,69.895555,30.996749,30.7226,Complex I
160,ENSG00000119421,1,29.368523,69.895555,30.996749,30.7226,Complex I
161,ENSG00000198786,1,29.368523,69.895555,30.996749,30.7226,Complex I
162,ENSG00000004779,1,29.368523,69.895555,30.996749,30.7226,Complex I
163,ENSG00000189043,1,29.368523,69.895555,30.996749,30.7226,Complex I
164,ENSG00000174886,1,29.368523,69.895555,30.996749,30.7226,Complex I
165,ENSG00000160194,1,29.368523,69.895555,30.996749,30.7226,Complex I
166,ENSG00000110717,1,29.368523,69.895555,30.996749,30.7226,Complex I
167,ENSG00000119013,1,29.368523,69.895555,30.996749,30.7226,Complex I
168,ENSG00000198695,1,29.368523,69.895555,30.996749,30.7226,Complex I
169,ENSG00000170906,1,29.368523,69.895555,30.996749,30.7226,Complex I
170,ENSG00000198763,1,29.368523,69.895555,30.996749,30.7226,Complex I
171,ENSG00000168653,1,29.368523,69.895555,30.996749,30.7226,Complex I
172,ENSG00000212907,1,29.368523,69.895555,30.996749,30.7226,Complex I
173,ENSG00000023228,1,29.368523,69.895555,30.996749,30.7226,Complex I
174,ENSG00000099795,1,29.368523,69.895555,30.996749,30.7226,Complex I
175,ENSG00000128609,1,29.368523,69.895555,30.996749,30.7226,Complex I
176,ENSG00000267855,1,29.368523,69.895555,30.996749,30.7226,Complex I
177,ENSG00000184752,1,29.368523,69.895555,30.996749,30.7226,Complex I
178,ENSG00000198886,1,29.368523,69.895555,30.996749,30.7226,Complex I
179,ENSG00000090266,1,29.368523,69.895555,30.996749,30.7226,Complex I
180,ENSG00000184983,1,29.368523,69.895555,30.996749,30.7226,Complex I
181,ENSG00000167792,1,29.368523,69.895555,30.996749,30.7226,Complex I
182,ENSG00000130414,1,29.368523,69.895555,30.996749,30.7226,Complex I
183,ENSG00000139180,1,29.368523,69.895555,30.996749,30.7226,Complex I
184,ENSG00000065518,1,29.368523,69.895555,30.996749,30.7226,Complex I
185,ENSG00000140990,1,29.368523,69.895555,30.996749,30.7226,Complex I
186,ENSG00000198840,1,29.368523,69.895555,30.996749,30.7226,Complex I
187,ENSG00000213619,1,29.368523,69.895555,30.996749,30.7226,Complex I
188,ENSG00000166136,1,29.368523,69.895555,30.996749,30.7226,Complex I
189,ENSG00000136521,1,29.368523,69.895555,30.996749,30.7226,Complex I
190,ENSG00000178127,1,29.368523,69.895555,30.996749,30.7226,Complex I
191,ENSG00000198888,1,29.368523,69.895555,30.996749,30.7226,Complex I
192,ENSMUSG00000006818,1,0.029369,69.895555,30.996749,30.7226,Other
193,ENSMUSG00000022982,1,0.029369,69.895555,30.996749,30.7226,Other
194,ENSMUSG00000002379,1,29.368523,69.895555,30.996749,30.7226,Complex I
195,ENSMUSG00000023089,1,29.368523,69.895555,30.996749,30.7226,Complex I
196,ENSMUSG00000026032,1,29.368523,69.895555,30.996749,30.7226,Complex I
197,ENSMUSG00000014294,1,29.368523,69.895555,30.996749,30.7226,Complex I
198,ENSMUSG00000030869,1,29.368523,69.895555,30.996749,30.7226,Complex I
199,ENSMUSG00000000399,1,29.368523,69.895555,30.996749,30.7226,Complex I
200,ENSMUSG00000021764,1,29.368523,69.895555,30.996749,30.7226,Complex I
201,ENSMUSG00000020022,1,29.368523,69.895555,30.996749,30.7226,Complex I
202,ENSMUSG00000021606,1,29.368523,69.895555,30.996749,30.7226,Complex I
203,ENSMUSG00000025968,1,29.368523,69.895555,30.996749,30.7226,Complex I
204,ENSMUSG00000037916,1,29.368523,69.895555,30.996749,30.7226,Complex I
205,ENSMUSG00000013593,1,29.368523,69.895555,30.996749,30.7226,Complex I
206,ENSMUSG00000005510,1,29.368523,69.895555,30.996749,30.7226,Complex I
207,ENSMUSG00000071014,1,29.368523,69.895555,30.996749,30.7226,Complex I
208,ENSMUSG00000059734,1,29.368523,69.895555,30.996749,30.7226,Complex I
209,ENSMUSG00000020153,1,29.368523,69.895555,30.996749,30.7226,Complex I
210,ENSG00000142168,1,0.029369,69.895555,30.996749,30.7226,Other
211,ENSG00000112096,1,0.029369,69.895555,30.996749,30.7226,Other
212,ENSG00000233276,1,0.029369,69.895555,30.996749,30.7226,Other
213,ENSG00000104687,2,0.029369,69.895555,30.996749,30.7226,Other
214,ENSMUSG00000022450,1,29.368523,69.895555,30.996749,30.7226,Complex I
215,ENSMUSG00000024099,1,29.368523,69.895555,30.996749,30.7226,Complex I
216,ENSMUSG00000031059,1,29.368523,69.895555,30.996749,30.7226,Complex I
217,ENSMUSG00000002416,1,29.368523,69.895555,30.996749,30.7226,Complex I
218,ENSMUSG00000026260,1,29.368523,69.895555,30.996749,30.7226,Complex I
219,ENSMUSG00000040280,1,29.368523,69.895555,30.996749,30.7226,Complex I
220,ENSMUSG00000024038,1,29.368523,69.895555,30.996749,30.7226,Complex I
221,ENSMUSG00000113902,1,29.368523,69.895555,30.996749,30.7226,Complex I
222,ENSMUSG00000027673,1,29.368523,69.895555,30.996749,30.7226,Complex I
223,ENSMUSG00000029632,1,29.368523,69.895555,30.996749,30.7226,Complex I
224,ENSMUSG00000035674,1,29.368523,69.895555,30.996749,30.7226,Complex I
225,ENSMUSG00000041881,1,29.368523,69.895555,30.996749,30.7226,Complex I
226,ENSMUSG00000030647,1,29.368523,69.895555,30.996749,30.7226,Complex I
227,ENSMUSG00000061633,1,29.368523,69.895555,30.996749,30.7226,Complex I
228,ENSMUSG00000025204,1,29.368523,69.895555,30.996749,30.7226,Complex I
229,ENSMUSG00000040048,1,29.368523,69.895555,30.996749,30.7226,Complex I
230,ENSMUSG00000022354,1,29.368523,69.895555,30.996749,30.7226,Complex I
231,ENSMUSG00000026895,1,29.368523,69.895555,30.996749,30.7226,Complex I
232,ENSMUSG00000033938,1,29.368523,69.895555,30.996749,30.7226,Complex I
233,ENSMUSG00000036199,1,29.368523,69.895555,30.996749,30.7226,Complex I
234,ENSMUSG00000022820,1,29.368523,69.895555,30.996749,30.7226,Complex I
235,ENSMUSG00000028648,1,29.368523,69.895555,30.996749,30.7226,Complex I
236,ENSMUSG00000037152,1,29.368523,69.895555,30.996749,30.7226,Complex I
237,ENSMUSG00000020664,8,9.529391,93.272074,7.62023,7.5528,Other
238,ENSG00000091140,6,9.513391,93.281896,7.610408,7.5431,Other
239,ENSG00000119689,2,6.852391,95.847354,5.04495,5.0003,Other
240,ENSMUSG00000004789,2,6.852391,95.847354,5.04495,5.0003,Other
241,ENSG00000105953,2,6.852391,95.847354,5.04495,5.0003,Other
242,ENSMUSG00000020456,1,6.822391,95.922773,4.969531,4.9256,Other
243,ENSG00000067829,1,6.897391,95.946027,4.946277,4.9025,Other
244,ENSG00000166411,1,6.897391,95.946027,4.946277,4.9025,Other
245,ENSG00000101365,1,6.897391,95.946027,4.946277,4.9025,Other
246,ENSMUSG00000002010,1,6.897391,95.946027,4.946277,4.9025,Other
247,ENSMUSG00000027406,1,6.897391,95.946027,4.946277,4.9025,Other
248,ENSMUSG00000032279,1,6.897391,95.946027,4.946277,4.9025,Other
249,ENSMUSG00000061904,1,99.916652,96.257181,4.635123,4.5941,Other
250,ENSG00000075415,1,99.916652,96.257181,4.635123,4.5941,Other
251,ENSMUSG00000062070,1,1.81,97.382498,3.509806,3.4788,Other
252,ENSMUSG00000057666,1,1.81,97.382498,3.509806,3.4788,Other
253,ENSG00000102144,1,1.81,97.382498,3.509806,3.4788,Other
254,ENSG00000111640,1,1.81,97.382498,3.509806,3.4788,Other
255,ENSG00000159399,1,0.9,97.40186,3.490444,3.4596,Other
256,ENSG00000160883,1,0.9,97.40186,3.490444,3.4596,Other
257,ENSMUSG00000041798,1,0.9,97.40186,3.490444,3.4596,Other
258,ENSMUSG00000025877,1,0.9,97.40186,3.490444,3.4596,Other
259,ENSG00000156515,1,0.9,97.40186,3.490444,3.4596,Other
260,ENSMUSG00000037012,1,0.9,97.40186,3.490444,3.4596,Other
261,ENSG00000106633,1,0.9,97.40186,3.490444,3.4596,Other
262,ENSMUSG00000000628,1,0.9,97.40186,3.490444,3.4596,Other
263,ENSG00000111669,1,0.91,97.430931,3.461373,3.4308,Other
264,ENSMUSG00000023456,1,0.91,97.430931,3.461373,3.4308,Other
265,ENSG00000149925,1,0.9,97.450293,3.442011,3.4116,Other
266,ENSG00000109107,1,0.9,97.450293,3.442011,3.4116,Other
267,ENSG00000152556,1,0.9,97.450293,3.442011,3.4116,Other
268,ENSMUSG00000017390,1,0.9,97.450293,3.442011,3.4116,Other
269,ENSMUSG00000033065,1,0.9,97.450293,3.442011,3.4116,Other
270,ENSMUSG00000030695,1,0.9,97.450293,3.442011,3.4116,Other
271,ENSG00000067225,2,1.906,97.499601,3.392703,3.3627,Other
272,ENSMUSG00000032294,2,1.906,97.499601,3.392703,3.3627,Other
273,ENSG00000108515,1,1.81,97.52147,3.370834,3.341,Other
274,ENSG00000164708,1,1.81,97.52147,3.370834,3.341,Other
275,ENSMUSG00000060600,1,1.81,97.52147,3.370834,3.341,Other
276,ENSMUSG00000004267,1,1.81,97.52147,3.370834,3.341,Other
277,ENSMUSG00000063524,1,1.81,97.52147,3.370834,3.341,Other
278,ENSMUSG00000020475,1,1.81,97.52147,3.370834,3.341,Other
279,ENSMUSG00000011752,1,1.81,97.52147,3.370834,3.341,Other
280,ENSG00000074800,1,1.81,97.52147,3.370834,3.341,Other
281,ENSG00000171314,1,1.81,97.52147,3.370834,3.341,Other
282,ENSG00000111674,1,1.81,97.52147,3.370834,3.341,Other
283,ENSMUSG00000036427,1,0.9,97.846039,3.046265,3.0193,Other
284,ENSG00000105220,1,0.9,97.846039,3.046265,3.0193,Other
285,ENSG00000143158,2,2.604,98.443817,2.448487,2.4268,Other
286,ENSG00000060762,2,2.604,98.443817,2.448487,2.4268,Other
287,ENSMUSG00000026568,2,2.604,98.443817,2.448487,2.4268,Other
288,ENSMUSG00000023861,2,2.604,98.443817,2.448487,2.4268,Other
289,ENSMUSG00000000168,1,2.608,98.492759,2.399545,2.3783,Other
290,ENSMUSG00000021748,1,2.608,98.492759,2.399545,2.3783,Other
291,ENSMUSG00000031299,1,2.608,98.492759,2.399545,2.3783,Other
292,ENSG00000131828,1,2.608,98.492759,2.399545,2.3783,Other
293,ENSG00000150768,1,2.608,98.492759,2.399545,2.3783,Other
294,ENSG00000168291,1,2.608,98.492759,2.399545,2.3783,Other
295,ENSG00000120053,4,2.395,98.720473,2.171831,2.1526,Other
296,ENSMUSG00000025190,4,2.395,98.720473,2.171831,2.1526,Other
297,ENSG00000108528,1,2.5,98.871776,2.020528,2.0027,Other
298,ENSMUSG00000014606,1,2.5,98.871776,2.020528,2.0027,Other
299,ENSMUSG00000020321,1,2.395,98.914376,1.977928,1.9604,Other
300,ENSG00000014641,1,2.395,98.914376,1.977928,1.9604,Other
301,ENSMUSG00000022477,1,6.897391,99.037484,1.854819,1.8384,Other
302,ENSG00000100412,1,6.897391,99.037484,1.854819,1.8384,Other
303,ENSMUSG00000031672,3,2.232,99.097182,1.795122,1.7792,Other
304,ENSG00000115840,1,2.231,99.097231,1.795073,1.7792,Other
305,ENSMUSG00000027010,1,2.231,99.097231,1.795073,1.7792,Other
306,ENSG00000004864,1,2.231,99.097231,1.795073,1.7792,Other
307,ENSMUSG00000015112,1,2.231,99.097231,1.795073,1.7792,Other
308,ENSG00000125166,1,2.231,99.097231,1.795073,1.7792,Other
309,ENSG00000111716,3,0.575,100.352301,0.540003,0.5352,Other
310,ENSMUSG00000030246,3,0.575,100.352301,0.540003,0.5352,Other
311,ENSG00000148672,4,0.294,100.513649,0.378655,0.3753,Other
312,ENSMUSG00000021794,4,0.294,100.513649,0.378655,0.3753,Other
313,ENSMUSG00000022186,1,0.178,100.736589,0.155715,0.1543,Other
314,ENSG00000083720,1,0.178,100.736589,0.155715,0.1543,Other
315,ENSG00000182890,2,0.294,100.755496,0.136808,0.1356,Other
316,Unknown,36,0.182,100.783056,0.109248,0.1083,Other
317,ENSMUSG00000021265,4,0.037,100.80911,0.083194,0.0825,Other
318,ENSG00000197119,4,0.037,100.80911,0.083194,0.0825,Other
319,ENSMUSG00000004902,1,0.183,100.815493,0.076811,0.0761,Other
320,ENSG00000182902,1,0.183,100.815493,0.076811,0.0761,Other
321,ENSG00000109576,1,0.03,100.826402,0.065902,0.0653,Other
322,ENSG00000164904,8,0.03,100.826402,0.065902,0.0653,Other
323,ENSMUSG00000057228,1,0.03,100.826402,0.065902,0.0653,Other
324,ENSMUSG00000053644,8,0.03,100.826402,0.065902,0.0653,Other
325,ENSMUSG00000029695,2,0.06,100.826402,0.065902,0.0653,Other
326,ENSMUSG00000003809,1,0.03,100.826402,0.065902,0.0653,Other
327,ENSMUSG00000025815,1,0.03,100.826402,0.065902,0.0653,Other
328,ENSG00000008311,2,0.06,100.826402,0.065902,0.0653,Other
329,ENSG00000105607,1,0.03,100.826402,0.065902,0.0653,Other
330,ENSMUSG00000046598,1,0.048,100.834416,0.057888,0.0574,Other
331,ENSG00000161267,1,0.048,100.834416,0.057888,0.0574,Other
332,ENSMUSG00000032263,4,0.043,100.857971,0.034333,0.034,Other
333,ENSMUSG00000000340,4,0.043,100.857971,0.034333,0.034,Other
334,ENSMUSG00000060376,4,0.043,100.857971,0.034333,0.034,Other
335,ENSMUSG00000021048,3,0.096,100.862181,0.030123,0.0299,Other
336,ENSG00000100714,3,0.096,100.862181,0.030123,0.0299,Other
337,ENSG00000105552,3,0.031,100.865957,0.026347,0.0261,Other
338,ENSMUSG00000030826,3,0.031,100.865957,0.026347,0.0261,Other
339,ENSMUSG00000028737,1,0.011,100.869432,0.022872,0.0227,Other
340,ENSG00000159423,1,0.011,100.869432,0.022872,0.0227,Other
341,ENSMUSG00000001155,2,0.02,100.871246,0.021058,0.0209,Other
342,ENSG00000139344,1,0.01,100.871246,0.021058,0.0209,Other
343,ENSG00000160282,1,0.01,100.871246,0.021058,0.0209,Other
344,ENSMUSG00000015890,1,0.01,100.871246,0.021058,0.0209,Other
345,ENSMUSG00000034456,1,0.01,100.871246,0.021058,0.0209,Other
346,ENSMUSG00000020017,1,0.01,100.871246,0.021058,0.0209,Other
347,ENSG00000159650,1,0.01,100.871246,0.021058,0.0209,Other
348,ENSG00000084110,1,0.01,100.871246,0.021058,0.0209,Other
349,ENSG00000083123,2,0.027,100.87151,0.020794,0.0206,Other
350,ENSG00000137992,2,0.027,100.87151,0.020794,0.0206,Other
351,ENSG00000248098,2,0.027,100.87151,0.020794,0.0206,Other
352,ENSG00000198814,1,0.01,100.872942,0.019362,0.0192,Other
353,ENSMUSG00000025059,1,0.01,100.872942,0.019362,0.0192,Other
354,ENSMUSG00000023921,1,0.027,100.874248,0.018055,0.0179,Other
355,ENSG00000114054,2,0.039,100.874248,0.018055,0.0179,Other
356,ENSMUSG00000041650,1,0.027,100.874248,0.018055,0.0179,Other
357,ENSMUSG00000032527,1,0.027,100.874248,0.018055,0.0179,Other
358,ENSMUSG00000033429,1,0.027,100.874248,0.018055,0.0179,Other
359,ENSG00000175198,2,0.039,100.874248,0.018055,0.0179,Other
360,ENSG00000124370,1,0.027,100.874248,0.018055,0.0179,Other
361,ENSG00000146085,1,0.027,100.874248,0.018055,0.0179,Other
362,ENSG00000065154,1,0.007,100.875011,0.017293,0.0171,Other
363,ENSMUSG00000030934,1,0.007,100.875011,0.017293,0.0171,Other
364,ENSG00000166183,1,0.01,100.875291,0.017013,0.0169,Other
365,ENSMUSG00000037686,1,0.01,100.875291,0.017013,0.0169,Other
366,ENSG00000183048,9,0.107,100.878582,0.013722,0.0136,Other
367,ENSMUSG00000025792,9,0.107,100.878582,0.013722,0.0136,Other
368,ENSMUSG00000022546,1,0.009,100.879425,0.012879,0.0128,Other
369,ENSG00000167701,1,0.009,100.879425,0.012879,0.0128,Other
370,ENSG00000144908,1,0.053,100.880644,0.01166,0.0116,Other
371,ENSG00000163738,4,0.053,100.880644,0.01166,0.0116,Other
372,ENSMUSG00000030088,1,0.053,100.880644,0.01166,0.0116,Other
373,ENSMUSG00000029376,4,0.053,100.880644,0.01166,0.0116,Other
374,ENSG00000182199,1,0.026,100.880952,0.011351,0.0113,Other
375,ENSMUSG00000025403,1,0.026,100.880952,0.011351,0.0113,Other
376,ENSMUSG00000024827,1,0.026,100.880952,0.011351,0.0113,Other
377,ENSMUSG00000032607,1,0.026,100.880952,0.011351,0.0113,Other
378,ENSG00000178445,1,0.026,100.880952,0.011351,0.0113,Other
379,ENSG00000145020,1,0.026,100.880952,0.011351,0.0113,Other
380,ENSMUSG00000027709,1,0.016,100.881766,0.010538,0.0104,Other
381,ENSG00000148090,1,0.016,100.881766,0.010538,0.0104,Other
382,ENSG00000078070,1,0.016,100.881766,0.010538,0.0104,Other
383,ENSG00000131844,1,0.016,100.881766,0.010538,0.0104,Other
384,ENSG00000128928,1,0.016,100.881766,0.010538,0.0104,Other
385,ENSMUSG00000028672,1,0.016,100.881766,0.010538,0.0104,Other
386,ENSG00000117305,1,0.016,100.881766,0.010538,0.0104,Other
387,ENSMUSG00000021646,1,0.016,100.881766,0.010538,0.0104,Other
388,ENSMUSG00000021460,1,0.016,100.881766,0.010538,0.0104,Other
389,ENSMUSG00000027332,1,0.016,100.881766,0.010538,0.0104,Other
390,ENSG00000198130,1,0.011,100.882048,0.010256,0.0102,Other
391,ENSMUSG00000041426,1,0.011,100.882048,0.010256,0.0102,Other
392,ENSMUSG00000029776,1,0.011,100.882048,0.010256,0.0102,Other
393,ENSMUSG00000021238,3,0.011,100.882048,0.010256,0.0102,Other
394,ENSG00000119711,2,0.011,100.882048,0.010256,0.0102,Other
395,ENSG00000122971,1,0.011,100.882048,0.010256,0.0102,Other
396,ENSG00000106049,1,0.011,100.882048,0.010256,0.0102,Other
397,ENSMUSG00000025950,1,0.096,100.882185,0.010119,0.01,Other
398,ENSG00000100889,1,0.096,100.882185,0.010119,0.01,Other
399,ENSMUSG00000040618,1,0.096,100.882185,0.010119,0.01,Other
400,ENSG00000100075,5,0.096,100.882185,0.010119,0.01,Other
401,ENSG00000138413,1,0.096,100.882185,0.010119,0.01,Other
402,ENSG00000122729,1,0.096,100.882185,0.010119,0.01,Other
403,ENSMUSG00000028405,1,0.096,100.882185,0.010119,0.01,Other
404,ENSMUSG00000003528,4,0.096,100.882185,0.010119,0.01,Other
405,ENSMUSG00000020534,1,0.043,100.883239,0.009065,0.009,Other
406,ENSG00000176974,1,0.043,100.883239,0.009065,0.009,Other
407,ENSMUSG00000023019,1,0.01,100.88425,0.008054,0.008,Other
408,ENSMUSG00000050627,1,0.01,100.88425,0.008054,0.008,Other
409,ENSG00000167588,1,0.01,100.88425,0.008054,0.008,Other
410,ENSG00000152642,1,0.01,100.88425,0.008054,0.008,Other
411,ENSMUSG00000029596,2,0.012,100.884283,0.008021,0.0079,Other
412,ENSG00000139410,2,0.012,100.884283,0.008021,0.0079,Other
413,ENSG00000135094,2,0.012,100.884283,0.008021,0.0079,Other
414,ENSMUSG00000029597,2,0.012,100.884283,0.008021,0.0079,Other
415,Non-Enzymatic,3,0.004,100.886725,0.005579,0.0055,Other
416,ENSG00000100033,1,0.004,100.886725,0.005579,0.0055,Other
417,ENSMUSG00000003526,1,0.004,100.886725,0.005579,0.0055,Other
418,ENSG00000128309,4,0.001,100.891766,0.000538,0.0005,Other
419,ENSMUSG00000031700,1,0.001,100.892255,4.9e-05,0.0,Other
420,ENSMUSG00000071711,3,0.001,100.892255,4.9e-05,0.0,Other
421,ENSG00000166123,1,0.001,100.892255,4.9e-05,0.0,Other
422,ENSG00000119673,2,0.0,100.892304,-0.0,-0.0,Other
423,ENSG00000183032,4,0.0,100.892304,-0.0,-0.0,Other
424,ENSG00000153086,1,0.0,100.892304,0.0,0.0,Other
425,ENSMUSG00000027513,1,0.0,100.892304,-0.0,-0.0,Other
426,ENSG00000116353,6,0.0,100.892304,-0.0,-0.0,Other
427,ENSG00000138777,1,0.0,100.892304,0.0,0.0,Other
428,ENSG00000160200,1,0.0,100.892304,-0.0,-0.0,Other
429,ENSG00000156110,0,0.0,100.892304,-0.0,-0.0,Other
430,ENSG00000116761,2,0.0,100.892304,-0.0,-0.0,Other
431,ENSG00000278540,1,0.0,100.892304,-0.0,-0.0,Other
432,ENSG00000129596,1,0.0,100.892304,-0.0,-0.0,Other
433,ENSG00000111058,1,0.0,100.892304,-0.0,-0.0,Other
434,ENSG00000093144,1,0.0,100.892304,-0.0,-0.0,Other
435,ENSG00000115919,1,0.0,100.892304,0.0,0.0,Other
436,ENSG00000134240,1,0.0,100.892304,-0.0,-0.0,Other
437,ENSG00000101444,1,0.0,100.892304,-0.0,-0.0,Other
438,ENSG00000158467,1,0.0,100.892304,-0.0,-0.0,Other
439,ENSG00000117009,1,0.0,100.892304,-0.0,-0.0,Other
440,ENSG00000183077,1,0.0,100.892304,-0.0,-0.0,Other
441,ENSG00000168710,1,0.0,100.892304,-0.0,-0.0,Other
442,ENSG00000173124,1,0.0,100.892304,-0.0,-0.0,Other
443,ENSG00000005187,1,0.0,100.892304,-0.0,-0.0,Other
444,ENSG00000151790,1,0.0,100.892304,-0.0,-0.0,Other
445,ENSG00000162882,1,0.0,100.892304,-0.0,-0.0,Other
446,ENSG00000169710,30,0.0,100.892304,-0.0,-0.0,Other
447,ENSG00000131203,1,0.0,100.892304,-0.0,-0.0,Other
448,ENSG00000076555,1,0.0,100.892304,-0.0,-0.0,Other
449,ENSG00000168906,1,0.0,100.892304,-0.0,-0.0,Other
450,ENSG00000092621,1,0.0,100.892304,-0.0,-0.0,Other
451,ENSG00000179761,1,0.0,100.892304,0.0,0.0,Other
452,ENSMUSG00000021456,1,0.0,100.892304,-0.0,-0.0,Other
453,ENSG00000088766,1,0.0,100.892304,-0.0,-0.0,Other
454,ENSG00000110536,1,0.0,100.892304,-0.0,-0.0,Other
455,ENSG00000087157,1,0.0,100.892304,-0.0,-0.0,Other
456,ENSG00000144559,1,0.0,100.892304,0.0,0.0,Other
457,ENSG00000155189,1,0.0,100.892304,0.0,0.0,Other
458,ENSG00000186281,1,0.0,100.892304,-0.0,-0.0,Other
459,ENSG00000105223,1,0.0,100.892304,-0.0,-0.0,Other
460,ENSG00000106605,1,0.0,100.892304,0.0,0.0,Other
461,ENSG00000090013,0,0.0,100.892304,-0.0,-0.0,Other
462,ENSG00000103415,1,0.0,100.892304,-0.0,-0.0,Other
463,ENSG00000100292,1,0.0,100.892304,-0.0,-0.0,Other
464,ENSG00000066926,1,0.0,100.892304,-0.0,-0.0,Other
465,ENSG00000143224,1,0.0,100.892304,-0.0,-0.0,Other
466,ENSG00000080819,1,0.0,100.892304,-0.0,-0.0,Other
467,ENSG00000126088,0,0.0,100.892304,-0.0,-0.0,Other
468,ENSG00000188690,1,0.0,100.892304,-0.0,-0.0,Other
469,ENSG00000256269,1,0.0,100.892304,-0.0,-0.0,Other
470,ENSG00000148218,1,0.0,100.892304,-0.0,-0.0,Other
471,ENSG00000023330,1,0.0,100.892304,-0.0,-0.0,Other
472,ENSG00000081181,1,0.007,100.892304,-0.0,-0.0,Other
473,ENSG00000130707,1,0.0,100.892304,-0.0,-0.0,Other
474,ENSG00000126522,1,0.0,100.892304,-0.0,-0.0,Other
475,ENSG00000118520,1,0.0,100.892304,-0.0,-0.0,Other
476,ENSG00000116748,1,0.0,100.892304,-0.0,-0.0,Other
477,ENSG00000035687,1,0.0,100.892304,-0.0,-0.0,Other
478,ENSG00000134326,2,0.0,100.892304,-0.0,-0.0,Other
479,ENSMUSG00000069805,1,0.0,100.892304,-0.0,-0.0,Other
480,ENSG00000059573,2,0.0,100.892304,0.0,0.0,Other
481,ENSG00000176153,0,0.0,100.892304,-0.0,-0.0,Other
482,ENSG00000102967,1,0.0,100.892304,-0.0,-0.0,Other
483,ENSG00000084774,4,0.0,100.892304,-0.0,-0.0,Other
484,ENSG00000104043,3,0.0,100.892304,-0.0,-0.0,Other
485,ENSG00000143515,3,0.0,100.892304,-0.0,-0.0,Other
486,ENSG00000081923,3,0.0,100.892304,-0.0,-0.0,Other
487,ENSG00000166377,3,0.0,100.892304,-0.0,-0.0,Other
488,ENSG00000206190,3,0.0,100.892304,-0.0,-0.0,Other
489,ENSG00000068650,3,0.0,100.892304,-0.0,-0.0,Other
490,ENSG00000182107,3,0.0,100.892304,-0.0,-0.0,Other
491,ENSG00000101974,3,0.0,100.892304,-0.0,-0.0,Other
492,ENSG00000054793,3,0.0,100.892304,-0.0,-0.0,Other
493,ENSG00000124406,3,0.0,100.892304,-0.0,-0.0,Other
494,ENSG00000112697,3,0.0,100.892304,-0.0,-0.0,Other
495,ENSG00000058063,3,0.0,100.892304,-0.0,-0.0,Other
496,ENSG00000145246,3,0.0,100.892304,-0.0,-0.0,Other
497,ENSG00000155287,1,0.0,100.892304,-0.0,-0.0,Other
498,ENSG00000147454,1,0.0,100.892304,-0.0,-0.0,Other
499,ENSG00000102743,3,0.0,100.892304,-0.0,-0.0,Other
500,ENSG00000181035,2,0.0,100.892304,-0.0,-0.0,Other
501,ENSG00000175567,1,0.0,100.892304,-0.0,-0.0,Other
502,ENSG00000175564,1,0.0,100.892304,-0.0,-0.0,Other
503,ENSG00000169100,1,99.925652,100.892304,-0.0,-0.0,ATPtranslocase
504,ENSG00000005022,1,99.925652,100.892304,-0.0,-0.0,ATPtranslocase
505,ENSG00000151729,1,99.925652,100.892304,-0.0,-0.0,ATPtranslocase
506,ENSMUSG00000078650,1,0.0,100.892304,-0.0,-0.0,Other
507,ENSG00000185100,1,0.0,100.892304,-0.0,-0.0,Other
508,ENSG00000239900,1,0.0,100.892304,-0.0,-0.0,Other
509,ENSG00000131069,1,0.0,100.892304,-0.0,-0.0,Other
510,ENSG00000154930,0,0.0,100.892304,-0.0,-0.0,Other
511,ENSG00000136010,1,0.0,100.892304,-0.0,-0.0,Other
512,ENSG00000120254,1,0.0,100.892304,-0.0,-0.0,Other
513,ENSG00000065911,2,0.0,100.892304,-0.0,-0.0,Other
514,ENSG00000178700,2,0.0,100.892304,-0.0,-0.0,Other
515,ENSG00000167720,1,0.0,100.892304,-0.0,-0.0,Other
516,ENSG00000228716,2,0.0,100.892304,-0.0,-0.0,Other
517,ENSG00000146733,1,0.0,100.892304,0.0,0.0,Other
518,ENSG00000135069,1,0.0,100.892304,-0.0,-0.0,Other
519,ENSMUSG00000031807,1,0.0,100.892304,-0.0,-0.0,Other
520,ENSG00000135423,1,0.0,100.892304,-0.0,-0.0,Other
521,ENSG00000115419,2,0.0,100.892304,-0.0,-0.0,Other
522,ENSG00000135821,1,0.0,100.892304,-0.0,-0.0,Other
523,ENSG00000112294,1,0.0,100.892304,-0.0,-0.0,Other
524,ENSG00000183044,2,0.0,100.892304,0.0,0.0,Other
525,ENSG00000136750,0,0.0,100.892304,-0.0,-0.0,Other
526,ENSG00000137124,2,0.0,100.892304,0.0,0.0,Other
527,ENSG00000072210,2,0.0,100.892304,0.0,0.0,Other
528,ENSG00000069535,1,0.0,100.892304,-0.0,-0.0,Other
529,ENSG00000141504,0,0.0,100.892304,-0.0,-0.0,Other
530,ENSG00000116771,1,0.0,100.892304,-0.0,-0.0,Other
531,ENSG00000142920,1,0.0,100.892304,-0.0,-0.0,Other
532,ENSG00000143149,5,0.0,100.892304,-0.0,-0.0,Other
533,ENSG00000002726,0,0.0,100.892304,-0.0,-0.0,Other
534,ENSG00000115758,1,0.0,100.892304,-0.0,-0.0,Other
535,ENSG00000183010,2,0.0,100.892304,-0.0,-0.0,Other
536,ENSG00000100116,1,0.0,100.892304,-0.0,-0.0,Other
537,ENSG00000124767,1,0.0,100.892304,-0.0,-0.0,Other
538,ENSG00000063854,0,0.0,100.892304,-0.0,-0.0,Other
539,ENSG00000113924,1,0.0,100.892304,-0.0,-0.0,Other
540,ENSG00000248144,1,0.0,100.892304,-0.0,-0.0,Other
541,ENSG00000197894,1,0.0,100.892304,-0.0,-0.0,Other
542,ENSG00000117448,1,0.0,100.892304,-0.0,-0.0,Other
543,ENSG00000172497,1,0.0,100.892304,-0.0,-0.0,Other
544,ENSG00000131730,1,0.0,100.892304,-0.0,-0.0,Other
545,ENSG00000104879,1,0.0,100.892304,-0.0,-0.0,Other
546,ENSG00000166165,1,0.0,100.892304,-0.0,-0.0,Other
547,ENSG00000144644,1,0.0,100.892304,-0.0,-0.0,Other
548,ENSG00000070669,1,0.0,100.892304,-0.0,-0.0,Other
549,ENSG00000103876,1,0.0,100.892304,-0.0,-0.0,Other
550,ENSG00000100577,1,0.0,100.892304,-0.0,-0.0,Other
551,ENSG00000158104,1,0.0,100.892304,-0.0,-0.0,Other
552,ENSG00000166816,1,0.0,100.892304,-0.0,-0.0,Other
553,ENSG00000104951,1,0.0,100.892304,-0.0,-0.0,Other
554,ENSG00000151552,1,0.0,100.892304,-0.0,-0.0,Other
555,ENSG00000171759,1,0.0,100.892304,-0.0,-0.0,Other
556,ENSG00000100983,1,0.0,100.892304,-0.0,-0.0,Other
557,ENSG00000001084,1,0.0,100.892304,-0.0,-0.0,Other
558,ENSG00000166825,1,0.0,100.892304,-0.0,-0.0,Other
559,ENSG00000131067,1,0.0,100.892304,-0.0,-0.0,Other
560,ENSG00000167741,1,0.0,100.892304,-0.0,-0.0,Other
561,ENSG00000007171,2,0.0,100.892304,0.0,0.0,Other
562,ENSG00000036473,1,0.0,100.892304,-0.0,-0.0,Other
563,ENSG00000021826,1,0.0,100.892304,-0.0,-0.0,Other
564,ENSMUSG00000089992,1,0.0,100.892304,-0.0,-0.0,Other
565,ENSMUSG00000022110,1,6.575391,100.892304,0.0,0.0,Other
566,ENSMUSG00000028961,1,0.0,100.892304,-0.0,-0.0,Other
567,ENSMUSG00000021707,4,0.0,100.892304,-0.0,-0.0,Other
568,ENSMUSG00000060671,3,0.0,100.892304,-0.0,-0.0,Other
569,ENSMUSG00000037685,3,0.0,100.892304,-0.0,-0.0,Other
570,ENSMUSG00000040414,1,0.0,100.892304,-0.0,-0.0,Other
571,ENSMUSG00000034248,1,0.0,100.892304,-0.0,-0.0,Other
572,ENSMUSG00000031482,3,0.0,100.892304,-0.0,-0.0,Other
573,ENSMUSG00000002346,2,0.0,100.892304,-0.0,-0.0,Other
574,ENSMUSG00000032942,1,0.0,100.892304,-0.0,-0.0,Other
575,ENSMUSG00000033685,1,0.0,100.892304,-0.0,-0.0,Other
576,ENSMUSG00000016319,1,99.925652,100.892304,-0.0,-0.0,ATPtranslocase
577,ENSMUSG00000031633,1,99.925652,100.892304,-0.0,-0.0,ATPtranslocase
578,ENSMUSG00000042808,1,0.0,100.892304,0.0,0.0,Other
579,ENSMUSG00000060131,3,0.0,100.892304,-0.0,-0.0,Other
580,ENSMUSG00000020638,1,0.0,100.892304,-0.0,-0.0,Other
581,ENSMUSG00000027357,2,0.0,100.892304,-0.0,-0.0,Other
582,ENSMUSG00000063235,1,0.0,100.892304,-0.0,-0.0,Other
583,ENSMUSG00000017715,1,0.0,100.892304,-0.0,-0.0,Other
584,ENSMUSG00000030316,1,0.0,100.892304,0.0,0.0,Other
585,ENSMUSG00000031467,1,0.0,100.892304,0.0,0.0,Other
586,ENSMUSG00000046338,1,0.0,100.892304,-0.0,-0.0,Other
587,ENSMUSG00000003363,1,0.0,100.892304,-0.0,-0.0,Other
588,ENSMUSG00000001999,1,0.0,100.892304,0.0,0.0,Other
589,ENSMUSG00000040466,1,0.0,100.892304,-0.0,-0.0,Other
590,ENSMUSG00000039529,3,0.0,100.892304,-0.0,-0.0,Other
591,ENSMUSG00000027546,3,0.0,100.892304,-0.0,-0.0,Other
592,ENSMUSG00000053604,1,0.0,100.892304,0.0,0.0,Other
593,ENSMUSG00000069835,1,0.0,100.892304,-0.0,-0.0,Other
594,ENSG00000130957,1,0.0,100.892304,-0.0,-0.0,Other
595,ENSG00000165140,1,0.0,100.892304,-0.0,-0.0,Other
596,ENSMUSG00000044005,1,0.0,100.892304,-0.0,-0.0,Other
597,ENSG00000131482,1,0.0,100.892304,-0.0,-0.0,Other
598,ENSMUSG00000013629,4,0.0,100.892304,-0.0,-0.0,Other
599,ENSMUSG00000053398,1,0.0,100.892304,-0.0,-0.0,Other
600,ENSMUSG00000024640,1,0.0,100.892304,-0.0,-0.0,Other
601,ENSMUSG00000029446,1,0.0,100.892304,0.0,0.0,Other
602,ENSMUSG00000031710,1,0.0,100.892304,-0.0,-0.0,Other
603,ENSMUSG00000021620,1,0.0,100.892304,-0.0,-0.0,Other
604,ENSMUSG00000040706,1,0.0,100.892304,-0.0,-0.0,Other
605,ENSMUSG00000024566,3,0.0,100.892304,-0.0,-0.0,Other
606,ENSMUSG00000031551,1,0.0,100.892304,-0.0,-0.0,Other
607,ENSMUSG00000028011,1,0.0,100.892304,-0.0,-0.0,Other
608,ENSMUSG00000031730,1,0.0,100.892304,-0.0,-0.0,Other
609,ENSMUSG00000034435,3,0.0,100.892304,-0.0,-0.0,Other
610,ENSMUSG00000032328,3,0.0,100.892304,-0.0,-0.0,Other
611,ENSMUSG00000062949,3,0.0,100.892304,-0.0,-0.0,Other
612,ENSMUSG00000037400,3,0.0,100.892304,-0.0,-0.0,Other
613,ENSMUSG00000031441,3,0.0,100.892304,-0.0,-0.0,Other
614,ENSMUSG00000046808,3,0.0,100.892304,-0.0,-0.0,Other
615,ENSMUSG00000025324,3,0.0,100.892304,-0.0,-0.0,Other
616,ENSMUSG00000004070,1,0.0,100.892304,-0.0,-0.0,Other
617,ENSMUSG00000005413,1,0.0,100.892304,-0.0,-0.0,Other
618,ENSMUSG00000024588,1,0.0,100.892304,-0.0,-0.0,Other
619,ENSMUSG00000040471,1,0.0,100.892304,-0.0,-0.0,Other
620,ENSMUSG00000021033,1,0.0,100.892304,-0.0,-0.0,Other
621,ENSMUSG00000022821,1,0.0,100.892304,-0.0,-0.0,Other
622,ENSMUSG00000029445,1,0.0,100.892304,-0.0,-0.0,Other
623,ENSMUSG00000074141,1,0.0,100.892304,-0.0,-0.0,Other
624,ENSMUSG00000015806,1,0.0,100.892304,-0.0,-0.0,Other
625,ENSMUSG00000020051,1,0.0,100.892304,-0.0,-0.0,Other
626,ENSMUSG00000027610,1,0.0,100.892304,-0.0,-0.0,Other
627,ENSMUSG00000032350,1,0.0,100.892304,-0.0,-0.0,Other
628,ENSMUSG00000039062,1,0.0,100.892304,-0.0,-0.0,Other
629,ENSMUSG00000027603,1,0.0,100.892304,-0.0,-0.0,Other
630,ENSMUSG00000020826,2,0.0,100.892304,0.0,0.0,Other
631,ENSMUSG00000062729,1,0.0,100.892304,-0.0,-0.0,Other
632,ENSMUSG00000031173,1,0.0,100.892304,-0.0,-0.0,Other
633,ENSMUSG00000025991,1,0.0,100.892304,-0.0,-0.0,Other
634,ENSMUSG00000031958,1,0.0,100.892304,-0.0,-0.0,Other
635,ENSMUSG00000024158,1,0.0,100.892304,-0.0,-0.0,Other
636,ENSMUSG00000024026,1,0.0,100.892304,-0.0,-0.0,Other
637,ENSMUSG00000006378,1,0.0,100.892304,-0.0,-0.0,Other
638,ENSMUSG00000116378,0,0.0,100.892304,-0.0,-0.0,Other
639,ENSMUSG00000020256,1,0.0,100.892304,-0.0,-0.0,Other
640,ENSMUSG00000040675,1,0.0,100.892304,-0.0,-0.0,Other
641,ENSMUSG00000005667,2,0.0,100.892304,-0.0,-0.0,Other
642,ENSMUSG00000030630,1,0.0,100.892304,-0.0,-0.0,Other
643,ENSMUSG00000029752,1,0.0,100.892304,-0.0,-0.0,Other
644,ENSMUSG00000056880,1,0.0,100.892304,-0.0,-0.0,Other
645,ENSMUSG00000001270,1,0.0,100.892304,-0.0,-0.0,Other
646,ENSMUSG00000022742,1,0.0,100.892304,-0.0,-0.0,Other
647,ENSMUSG00000028684,1,0.0,100.892304,-0.0,-0.0,Other
648,ENSMUSG00000030979,1,0.0,100.892304,-0.0,-0.0,Other
649,ENSMUSG00000032126,1,0.0,100.892304,-0.0,-0.0,Other
650,ENSMUSG00000028393,1,0.0,100.892304,-0.0,-0.0,Other
651,ENSMUSG00000032786,1,0.0,100.892304,-0.0,-0.0,Other
652,ENSMUSG00000021125,1,0.007,100.892304,-0.0,-0.0,Other
653,ENSMUSG00000076441,1,0.0,100.892304,-0.0,-0.0,Other
654,ENSMUSG00000025533,1,0.0,100.892304,-0.0,-0.0,Other
655,ENSMUSG00000019987,1,0.0,100.892304,-0.0,-0.0,Other
656,ENSMUSG00000070385,1,0.0,100.892304,-0.0,-0.0,Other
657,ENSMUSG00000011148,1,0.0,100.892304,-0.0,-0.0,Other
658,ENSMUSG00000015961,1,0.0,100.892304,-0.0,-0.0,Other
659,ENSMUSG00000022407,1,0.0,100.892304,-0.0,-0.0,Other
660,ENSMUSG00000027605,1,0.0,100.892304,-0.0,-0.0,Other
661,ENSMUSG00000027452,1,0.0,100.892304,-0.0,-0.0,Other
662,ENSMUSG00000028138,1,0.0,100.892304,-0.0,-0.0,Other
663,ENSMUSG00000074207,1,0.0,100.892304,-0.0,-0.0,Other
664,ENSMUSG00000028692,1,0.0,100.892304,-0.0,-0.0,Other
665,ENSMUSG00000021622,1,0.0,100.892304,-0.0,-0.0,Other
666,ENSMUSG00000030399,1,0.0,100.892304,-0.0,-0.0,Other
667,ENSMUSG00000026103,2,0.0,100.892304,-0.0,-0.0,Other
668,ENSMUSG00000026473,1,0.0,100.892304,-0.0,-0.0,Other
669,ENSMUSG00000035936,1,0.0,100.892304,-0.0,-0.0,Other
670,ENSMUSG00000032418,1,0.0,100.892304,-0.0,-0.0,Other
671,ENSMUSG00000061838,1,0.096,100.892304,-0.0,-0.0,Other
672,ENSMUSG00000001323,1,0.0,100.892304,-0.0,-0.0,Other
673,ENSMUSG00000024892,1,0.0,100.892304,-0.0,-0.0,Other
674,ENSMUSG00000030621,1,0.0,100.892304,-0.0,-0.0,Other
675,ENSMUSG00000024556,1,0.116,100.892304,-0.0,-0.0,Other
676,ENSMUSG00000020917,2,0.0,100.892304,-0.0,-0.0,Other
677,ENSMUSG00000024177,2,0.0,100.892304,0.0,0.0,Other
678,ENSMUSG00000116207,1,0.0,100.892304,-0.0,-0.0,Other
679,ENSMUSG00000028792,1,0.0,100.892304,0.0,0.0,Other
680,ENSMUSG00000024782,1,0.0,100.892304,0.0,0.0,Other
681,ENSMUSG00000091228,1,0.0,100.892304,-0.0,-0.0,Other
682,ENSMUSG00000021226,2,0.0,100.892304,-0.0,-0.0,Other
683,ENSMUSG00000073435,1,0.0,100.892304,-0.0,-0.0,Other
684,ENSMUSG00000032478,1,0.0,100.892304,-0.0,-0.0,Other
685,ENSMUSG00000026575,1,0.0,100.892304,-0.0,-0.0,Other
686,ENSMUSG00000028719,1,0.0,100.892304,-0.0,-0.0,Other
687,ENSMUSG00000028527,1,0.0,100.892304,-0.0,-0.0,Other
688,ENSMUSG00000039058,1,0.0,100.892304,-0.0,-0.0,Other
689,ENSMUSG00000041323,1,0.0,100.892304,-0.0,-0.0,Other
690,ENSMUSG00000026807,1,0.0,100.892304,-0.0,-0.0,Other
691,ENSMUSG00000091415,1,0.0,100.892304,-0.0,-0.0,Other
692,ENSMUSG00000026827,1,0.0,100.892304,-0.0,-0.0,Other
693,ENSMUSG00000052738,1,0.096,100.892304,-0.0,-0.0,Other
694,ENSMUSG00000030541,1,0.0,100.892304,-0.0,-0.0,Other
695,ENSG00000173599,1,0.0,100.892304,-0.0,-0.0,Other
696,ENSG00000151376,1,0.0,100.892304,-0.0,-0.0,Other
697,ENSMUSG00000026005,1,0.0,100.892304,-0.0,-0.0,Other
698,ENSMUSG00000021957,2,0.0,100.892304,-0.0,-0.0,Other
699,ENSMUSG00000025503,1,0.0,100.892304,-0.0,-0.0,Other
700,ENSG00000115159,1,0.0,100.892304,-0.0,-0.0,Other
701,ENSG00000143156,1,0.0,100.892304,-0.0,-0.0,Other
702,ENSG00000154027,1,0.0,100.892304,-0.0,-0.0,Other
703,ENSG00000162368,1,0.0,100.892304,-0.0,-0.0,Other
704,ENSG00000140057,1,0.0,100.892304,-0.0,-0.0,Other
705,ENSG00000103024,1,0.0,100.892304,-0.0,-0.0,Other
706,ENSG00000155085,1,0.0,100.892304,-0.0,-0.0,Other
707,ENSG00000172113,1,0.0,100.892304,-0.0,-0.0,Other
708,ENSG00000011052,1,0.0,100.892304,-0.0,-0.0,Other
709,ENSG00000162433,1,0.0,100.892304,-0.0,-0.0,Other
710,ENSG00000165695,1,0.0,100.892304,-0.0,-0.0,Other
711,ENSG00000065833,1,0.0,100.892304,-0.0,-0.0,Other
712,ENSG00000004455,1,0.0,100.892304,0.0,0.0,Other
713,ENSG00000147853,1,0.0,100.892304,0.0,0.0,Other
714,ENSG00000112992,1,0.0,100.892304,-0.0,-0.0,Other
715,ENSG00000103202,0,0.0,100.892304,-0.0,-0.0,Other
716,ENSG00000131473,1,0.0,100.892304,-0.0,-0.0,Other
717,ENSG00000082212,1,0.116,100.892304,-0.0,-0.0,Other
718,ENSMUSG00000028013,1,0.0,100.892304,0.0,0.0,Other
719,ENSMUSG00000028910,6,0.0,100.892304,-0.0,-0.0,Other
720,ENSMUSG00000057880,2,0.0,100.892304,0.0,0.0,Other
721,ENSMUSG00000040147,2,0.0,100.892304,-0.0,-0.0,Other
722,ENSMUSG00000025007,2,0.0,100.892304,0.0,0.0,Other
723,ENSMUSG00000025140,2,0.0,100.892304,-0.0,-0.0,Other
724,ENSMUSG00000011179,1,0.0,100.892304,-0.0,-0.0,Other
725,ENSG00000136143,1,6.575391,100.892304,0.0,0.0,Other
726,ENSG00000163541,1,0.096,100.892304,-0.0,-0.0,Other
727,ENSG00000172340,1,0.096,100.892304,-0.0,-0.0,Other
728,ENSMUSG00000029811,1,0.0,100.892304,-0.0,-0.0,Other
729,ENSMUSG00000026687,5,0.0,100.892304,-0.0,-0.0,Other
730,ENSG00000182054,1,0.0,100.892304,-0.0,-0.0,Other
731,ENSMUSG00000028789,1,0.0,100.892304,-0.0,-0.0,Other
732,ENSMUSG00000035561,2,0.0,100.892304,0.0,0.0,Other
733,ENSMUSG00000020532,1,0.0,100.892304,-0.0,-0.0,Other
734,ENSMUSG00000010025,2,0.0,100.892304,0.0,0.0,Other
735,ENSMUSG00000026787,1,0.0,100.892304,-0.0,-0.0,Other
736,ENSG00000177156,1,0.0,100.892304,-0.0,-0.0,Other
737,ENSG00000163931,2,0.0,100.892304,-0.0,-0.0,Other
738,ENSG00000235376,1,0.0,100.892304,-0.0,-0.0,Other
739,ENSG00000153574,1,0.0,100.892304,0.0,0.0,Other
740,ENSG00000142657,1,0.0,100.892304,-0.0,-0.0,Other
741,ENSG00000130313,1,0.0,100.892304,-0.0,-0.0,Other
742,ENSG00000160211,1,0.0,100.892304,-0.0,-0.0,Other
743,ENSG00000124253,1,0.0,100.892304,-0.0,-0.0,Other
744,ENSMUSG00000017453,1,0.0,100.892304,0.0,0.0,Other
745,Non-enzymatic,1,0.0,100.892304,-0.0,-0.0,Other
746,ENSMUSG00000035472,4,0.0,100.892304,-0.0,-0.0,Other
747,ENSMUSG00000026348,1,0.0,100.892304,0.0,0.0,Other
748,ENSMUSG00000042010,1,0.0,100.892304,-0.0,-0.0,Other
749,ENSMUSG00000025153,31,0.0,100.892304,-0.0,-0.0,Other
750,ENSMUSG00000030935,1,0.0,100.892304,-0.0,-0.0,Other
751,ENSMUSG00000027875,1,0.0,100.892304,-0.0,-0.0,Other
752,ENSMUSG00000035948,1,0.0,100.892304,-0.0,-0.0,Other
753,ENSG00000115286,0,0.0,100.892304,-0.0,-0.0,Other
754,ENSMUSG00000019883,1,0.0,100.892304,-0.0,-0.0,Other
755,ENSMUSG00000053907,1,0.0,100.892304,-0.0,-0.0,Other
756,N/A,2,0.0,100.892304,-0.0,-0.0,Other
757,ENSG0000006385,1,0.0,100.892304,-0.0,-0.0,Other
758,ENSMUSG00000027597,1,0.0,100.892304,-0.0,-0.0,Other
759,ENSMUSG00000027893,1,0.0,100.892304,-0.0,-0.0,Other
760,ENSMUSG00000029772,1,0.0,100.892304,-0.0,-0.0,Other
761,ENSMUSG00000039197,1,0.0,100.892304,-0.0,-0.0,Other
762,ENSMUSG00000024039,1,0.0,100.892304,-0.0,-0.0,Other
763,ENSMUSG00000028179,2,0.0,100.892304,-0.0,-0.0,Other
764,ENSMUSG00000033022,1,0.0,100.892304,-0.0,-0.0,Other
765,ENSMUSG00000017718,1,0.0,100.892304,-0.0,-0.0,Other
766,ENSMUSG00000039783,1,0.0,100.892304,-0.0,-0.0,Other
767,ENSMUSG00000026866,1,0.0,100.892304,0.0,0.0,Other
768,ENSMUSG00000000673,1,0.0,100.892304,-0.0,-0.0,Other
769,ENSG00000109424,1,0.0,100.892304,-0.0,-0.0,Other
