rank,gene_id,species,n_reactions,atp_after_ko,atp_impact,atp_impact_pct,complex
1,ENSMUSG00000038462,mouse,1,2.097072,98.795232,97.9215,Complex III
2,ENSMUSG00000017778,mouse,1,2.097072,98.795232,97.9215,Complex IV
3,ENSMUSG00000022551,mouse,1,2.097072,98.795232,97.9215,Complex III
4,ENSMUSG00000063694,mouse,1,2.097072,98.795232,97.9215,Complex III
5,ENSMUSG00000021520,mouse,1,2.097072,98.795232,97.9215,Complex III
6,ENSMUSG00000063882,mouse,1,2.097072,98.795232,97.9215,Complex III
7,ENSMUSG00000030884,mouse,1,2.097072,98.795232,97.9215,Complex III
8,ENSMUSG00000025651,mouse,1,2.097072,98.795232,97.9215,Complex III
9,ENSMUSG00000020163,mouse,1,2.097072,98.795232,97.9215,Complex III
10,ENSMUSG00000059534,mouse,1,2.097072,98.795232,97.9215,Complex III
11,ENSMUSG00000000088,mouse,1,2.097072,98.795232,97.9215,Complex IV
12,ENSMUSG00000061518,mouse,1,2.097072,98.795232,97.9215,Complex IV
13,ENSMUSG00000014313,mouse,1,2.097072,98.795232,97.9215,Complex IV
14,ENSMUSG00000031231,mouse,1,2.097072,98.795232,97.9215,Complex IV
15,ENSMUSG00000042298,mouse,1,2.097072,98.795232,97.9215,Complex III
16,ENSMUSG00000061904,mouse,1,3.73845,97.153854,96.2946,Other
17,ENSMUSG00000005683,mouse,1,4.998539,95.893765,95.0457,Other
18,ENSMUSG00000025428,mouse,1,7.558664,93.333639,92.5082,Complex V
19,ENSMUSG00000050856,mouse,1,7.558664,93.333639,92.5082,Complex V
20,ENSMUSG00000025393,mouse,1,7.558664,93.333639,92.5082,Complex V
21,ENSMUSG00000038717,mouse,1,7.558664,93.333639,92.5082,Complex V
22,ENSMUSG00000038690,mouse,1,7.558664,93.333639,92.5082,Complex V
23,ENSMUSG00000022890,mouse,1,7.558664,93.333639,92.5082,Complex V
24,ENSMUSG00000022956,mouse,1,7.558664,93.333639,92.5082,Complex V
25,ENSMUSG00000034566,mouse,1,7.558664,93.333639,92.5082,Complex V
26,ENSMUSG00000016252,mouse,1,7.558664,93.333639,92.5082,Complex V
27,ENSMUSG00000025781,mouse,1,7.558664,93.333639,92.5082,Complex V
28,ENSMUSG00000000563,mouse,1,7.558664,93.333639,92.5082,Complex V
29,ENSMUSG00000003072,mouse,1,7.558664,93.333639,92.5082,Complex V
30,ENSMUSG00000028648,mouse,1,14.985882,85.906422,85.1467,Complex I
31,ENSMUSG00000022354,mouse,1,14.985882,85.906422,85.1467,Complex I
32,ENSMUSG00000026895,mouse,1,14.985882,85.906422,85.1467,Complex I
33,ENSMUSG00000036199,mouse,1,14.985882,85.906422,85.1467,Complex I
34,ENSMUSG00000022820,mouse,1,14.985882,85.906422,85.1467,Complex I
35,ENSMUSG00000002379,mouse,1,14.985882,85.906422,85.1467,Complex I
36,ENSMUSG00000022450,mouse,1,14.985882,85.906422,85.1467,Complex I
37,ENSMUSG00000023089,mouse,1,14.985882,85.906422,85.1467,Complex I
38,ENSMUSG00000014294,mouse,1,14.985882,85.906422,85.1467,Complex I
39,ENSMUSG00000026032,mouse,1,14.985882,85.906422,85.1467,Complex I
40,ENSMUSG00000025204,mouse,1,14.985882,85.906422,85.1467,Complex I
41,ENSMUSG00000040048,mouse,1,14.985882,85.906422,85.1467,Complex I
42,ENSMUSG00000033938,mouse,1,14.985882,85.906422,85.1467,Complex I
43,ENSMUSG00000030647,mouse,1,14.985882,85.906422,85.1467,Complex I
44,ENSMUSG00000002416,mouse,1,14.985882,85.906422,85.1467,Complex I
45,ENSMUSG00000041881,mouse,1,14.985882,85.906422,85.1467,Complex I
46,ENSMUSG00000035674,mouse,1,14.985882,85.906422,85.1467,Complex I
47,ENSMUSG00000027673,mouse,1,14.985882,85.906422,85.1467,Complex I
48,ENSMUSG00000113902,mouse,1,14.985882,85.906422,85.1467,Complex I
49,ENSMUSG00000037152,mouse,1,14.985882,85.906422,85.1467,Complex I
50,ENSMUSG00000026260,mouse,1,14.985882,85.906422,85.1467,Complex I
51,ENSMUSG00000024038,mouse,1,14.985882,85.906422,85.1467,Complex I
52,ENSMUSG00000071014,mouse,1,14.985882,85.906422,85.1467,Complex I
53,ENSMUSG00000000399,mouse,1,14.985882,85.906422,85.1467,Complex I
54,ENSMUSG00000063856,mouse,1,14.985882,85.906422,85.1467,Other
55,ENSMUSG00000030869,mouse,1,14.985882,85.906422,85.1467,Complex I
56,ENSMUSG00000031584,mouse,3,14.985882,85.906422,85.1467,Other
57,ENSMUSG00000021764,mouse,1,14.985882,85.906422,85.1467,Complex I
58,ENSMUSG00000013593,mouse,1,14.985882,85.906422,85.1467,Complex I
59,ENSMUSG00000059734,mouse,1,14.985882,85.906422,85.1467,Complex I
60,ENSMUSG00000024099,mouse,1,14.985882,85.906422,85.1467,Complex I
61,ENSMUSG00000005510,mouse,1,14.985882,85.906422,85.1467,Complex I
62,ENSMUSG00000020153,mouse,1,14.985882,85.906422,85.1467,Complex I
63,ENSMUSG00000037916,mouse,1,14.985882,85.906422,85.1467,Complex I
64,ENSMUSG00000025968,mouse,1,14.985882,85.906422,85.1467,Complex I
65,ENSMUSG00000021606,mouse,1,14.985882,85.906422,85.1467,Complex I
66,ENSMUSG00000020022,mouse,1,14.985882,85.906422,85.1467,Complex I
67,ENSMUSG00000020664,mouse,8,21.187362,79.704942,79.0,Other
68,ENSMUSG00000004789,mouse,2,22.150919,78.741385,78.045,Other
69,ENSMUSG00000020456,mouse,1,22.91683,77.975474,77.2858,Other
70,ENSMUSG00000009863,mouse,1,25.292165,75.600138,74.9315,Complex II
71,ENSMUSG00000021577,mouse,1,25.292165,75.600138,74.9315,Complex II
72,ENSMUSG00000058076,mouse,1,25.292165,75.600138,74.9315,Complex II
73,ENSMUSG00000019179,mouse,1,27.338932,73.553371,72.9029,Other
74,ENSMUSG00000022110,mouse,1,31.845541,69.046763,68.4361,Other
75,ENSMUSG00000032047,mouse,1,43.313332,57.578972,57.0697,Other
76,ENSMUSG00000025465,mouse,7,47.347456,53.544848,53.0713,Other
77,ENSMUSG00000027984,mouse,7,47.678467,53.213837,52.7432,Other
78,ENSMUSG00000029545,mouse,3,48.482606,52.409698,51.9462,Other
79,ENSMUSG00000036880,mouse,5,48.957423,51.934881,51.4756,Other
80,ENSMUSG00000027809,mouse,7,48.964969,51.927335,51.4681,Other
81,ENSMUSG00000020089,mouse,1,49.096963,51.795341,51.3373,Other
82,ENSMUSG00000026817,mouse,2,49.096963,51.795341,51.3373,Other
83,ENSMUSG00000078937,mouse,1,49.108775,51.783529,51.3255,Other
84,ENSMUSG00000059447,mouse,2,49.108775,51.783529,51.3255,Other
85,ENSMUSG00000062908,mouse,4,49.108775,51.783529,51.3255,Other
86,ENSMUSG00000026003,mouse,2,49.108775,51.783529,51.3255,Other
87,ENSMUSG00000032602,mouse,1,49.108775,51.783529,51.3255,Other
88,ENSMUSG00000028607,mouse,1,49.108775,51.783529,51.3255,Other
89,ENSMUSG00000025745,mouse,2,49.108775,51.783529,51.3255,Other
90,ENSMUSG00000032279,mouse,1,58.931962,41.960342,41.5892,Other
91,ENSMUSG00000027406,mouse,1,58.931962,41.960342,41.5892,Other
92,ENSMUSG00000002010,mouse,1,58.931962,41.960342,41.5892,Other
93,ENSMUSG00000023861,mouse,2,63.979647,36.912657,36.5862,Other
94,ENSMUSG00000026568,mouse,2,63.979647,36.912657,36.5862,Other
95,ENSMUSG00000031299,mouse,1,65.322679,35.569625,35.255,Other
96,ENSMUSG00000021748,mouse,1,65.322679,35.569625,35.255,Other
97,ENSMUSG00000000168,mouse,1,65.322679,35.569625,35.255,Other
98,ENSMUSG00000057666,mouse,1,74.289544,26.60276,26.3675,Other
99,ENSMUSG00000062070,mouse,1,74.289544,26.60276,26.3675,Other
100,ENSMUSG00000033065,mouse,1,75.113951,25.778353,25.5504,Other
101,ENSMUSG00000023456,mouse,1,82.241825,18.650479,18.4855,Other
102,ENSMUSG00000036427,mouse,1,89.201066,11.691237,11.5878,Other
103,ENSMUSG00000030246,mouse,3,95.154203,5.7381,5.6874,Other
104,ENSMUSG00000026526,mouse,2,97.523146,3.369158,3.3394,Other
105,ENSMUSG00000025190,mouse,4,98.720499,2.171805,2.1526,Other
106,ENSMUSG00000014606,mouse,1,98.871843,2.020461,2.0026,Other
107,ENSMUSG00000020321,mouse,1,98.914378,1.977926,1.9604,Other
108,ENSMUSG00000022477,mouse,1,99.037487,1.854817,1.8384,Other
109,ENSMUSG00000031672,mouse,3,99.097208,1.795096,1.7792,Other
110,ENSMUSG00000022186,mouse,1,99.561187,1.331117,1.3193,Other
111,ENSMUSG00000021794,mouse,4,100.698955,0.193349,0.1916,Other
112,Unknown,human,36,100.782268,0.110035,0.1091,Other
113,ENSMUSG00000004902,mouse,1,100.815697,0.076607,0.0759,Other
114,ENSMUSG00000025815,mouse,1,100.826405,0.065899,0.0653,Other
115,ENSMUSG00000057228,mouse,1,100.826405,0.065899,0.0653,Other
116,ENSMUSG00000029695,mouse,2,100.826405,0.065899,0.0653,Other
117,ENSMUSG00000003809,mouse,1,100.826405,0.065899,0.0653,Other
118,ENSMUSG00000046598,mouse,1,100.834418,0.057885,0.0574,Other
119,ENSMUSG00000032263,mouse,4,100.857974,0.03433,0.034,Other
120,ENSMUSG00000000340,mouse,4,100.857974,0.03433,0.034,Other
121,ENSMUSG00000060376,mouse,4,100.857974,0.03433,0.034,Other
122,ENSMUSG00000030826,mouse,3,100.865959,0.026345,0.0261,Other
123,ENSMUSG00000028737,mouse,1,100.869435,0.022869,0.0227,Other
124,ENSMUSG00000034456,mouse,1,100.871249,0.021055,0.0209,Other
125,ENSMUSG00000015890,mouse,1,100.871249,0.021055,0.0209,Other
126,ENSMUSG00000001155,mouse,2,100.871249,0.021055,0.0209,Other
127,ENSMUSG00000020017,mouse,1,100.871249,0.021055,0.0209,Other
128,ENSMUSG00000025059,mouse,1,100.872944,0.01936,0.0192,Other
129,ENSMUSG00000041650,mouse,1,100.874251,0.018053,0.0179,Other
130,ENSMUSG00000032527,mouse,1,100.874251,0.018053,0.0179,Other
131,ENSMUSG00000033429,mouse,1,100.874251,0.018053,0.0179,Other
132,ENSMUSG00000023921,mouse,1,100.874251,0.018053,0.0179,Other
133,ENSMUSG00000030934,mouse,1,100.875014,0.01729,0.0171,Other
134,ENSMUSG00000037686,mouse,1,100.875293,0.017011,0.0169,Other
135,ENSMUSG00000022546,mouse,1,100.879499,0.012805,0.0127,Other
136,ENSMUSG00000030088,mouse,1,100.880647,0.011657,0.0116,Other
137,ENSMUSG00000025403,mouse,1,100.880955,0.011349,0.0112,Other
138,ENSMUSG00000032607,mouse,1,100.880955,0.011349,0.0112,Other
139,ENSMUSG00000024827,mouse,1,100.880955,0.011349,0.0112,Other
140,ENSMUSG00000021460,mouse,1,100.881768,0.010536,0.0104,Other
141,ENSMUSG00000021646,mouse,1,100.881768,0.010536,0.0104,Other
142,ENSMUSG00000027709,mouse,1,100.881768,0.010536,0.0104,Other
143,ENSMUSG00000027332,mouse,1,100.881768,0.010536,0.0104,Other
144,ENSMUSG00000028672,mouse,1,100.881768,0.010536,0.0104,Other
145,ENSMUSG00000021238,mouse,3,100.882051,0.010253,0.0102,Other
146,ENSMUSG00000041426,mouse,1,100.882051,0.010253,0.0102,Other
147,ENSMUSG00000003528,mouse,4,100.882187,0.010117,0.01,Other
148,ENSMUSG00000040618,mouse,1,100.882187,0.010117,0.01,Other
149,ENSMUSG00000028405,mouse,1,100.882187,0.010117,0.01,Other
150,ENSMUSG00000025950,mouse,1,100.882187,0.010117,0.01,Other
151,ENSMUSG00000020534,mouse,1,100.883241,0.009063,0.009,Other
152,ENSMUSG00000021048,mouse,3,100.883241,0.009063,0.009,Other
153,Non-Enzymatic,human,3,100.886727,0.005576,0.0055,Other
154,ENSMUSG00000003526,mouse,1,100.886727,0.005576,0.0055,Other
155,ENSMUSG00000031700,mouse,1,100.891468,0.000836,0.0008,Other
156,ENSMUSG00000071711,mouse,3,100.892258,4.6e-05,0.0,Other
157,ENSG00000084754,human,2,100.892306,-2e-06,-0.0,Other
158,ENSG00000093144,human,1,100.892306,-2e-06,-0.0,Other
159,ENSG00000146085,human,1,100.892306,-2e-06,-0.0,Other
160,ENSG00000124370,human,1,100.892306,-2e-06,-0.0,Other
161,ENSG00000175198,human,2,100.892306,-2e-06,-0.0,Other
162,ENSG00000115361,human,2,100.892306,-2e-06,-0.0,Other
163,ENSG00000123983,human,1,100.892306,-2e-06,-0.0,Other
164,ENSG00000117054,human,3,100.892306,-2e-06,-0.0,Other
165,ENSG00000114054,human,2,100.892306,-2e-06,-0.0,Other
166,ENSG00000119711,human,2,100.892306,-2e-06,-0.0,Other
167,ENSG00000130377,human,1,100.892306,-2e-06,-0.0,Other
168,ENSG00000138029,human,2,100.892306,-2e-06,-0.0,Other
169,ENSG00000127884,human,7,100.892306,-2e-06,-0.0,Other
170,ENSG00000111058,human,1,100.892306,-2e-06,-0.0,Other
171,ENSG00000138796,human,6,100.892306,-2e-06,-0.0,Other
172,ENSG00000139410,human,2,100.892306,-2e-06,-0.0,Other
173,ENSG00000122971,human,1,100.892306,-2e-06,-0.0,Other
174,ENSG00000197142,human,1,100.892306,-2e-06,-0.0,Other
175,ENSG00000103740,human,1,100.892306,-2e-06,-0.0,Other
176,ENSG00000167315,human,5,100.892306,-2e-06,-0.0,Other
177,ENSG00000135094,human,2,100.892306,-2e-06,-0.0,Other
178,ENSG00000168906,human,1,100.892306,-2e-06,-0.0,Other
179,ENSG00000101444,human,1,100.892306,-2e-06,-0.0,Other
180,ENSG00000158467,human,1,100.892306,-2e-06,-0.0,Other
181,ENSG00000115159,human,1,100.892306,-2e-06,-0.0,Other
182,ENSG00000152642,human,1,100.892306,-2e-06,-0.0,Other
183,ENSG00000167588,human,1,100.892306,-2e-06,-0.0,Other
184,ENSG00000068366,human,1,100.892306,-2e-06,-0.0,Other
185,ENSG00000148090,human,1,100.892306,-2e-06,-0.0,Other
186,ENSG00000106049,human,1,100.892306,-2e-06,-0.0,Other
187,ENSG00000198130,human,1,100.892306,-2e-06,-0.0,Other
188,ENSG00000076555,human,1,100.892306,-2e-06,-0.0,Other
189,ENSG00000116353,human,6,100.892306,-2e-06,-0.0,Other
190,ENSG00000169710,human,30,100.892306,-2e-06,-0.0,Other
191,ENSG00000005187,human,1,100.892306,-2e-06,-0.0,Other
192,ENSG00000171503,human,5,100.892306,-2e-06,-0.0,Other
193,ENSG00000125166,human,1,100.892306,-2e-06,-0.0,Other
194,ENSG00000278540,human,1,100.892306,-2e-06,-0.0,Other
195,ENSG00000119673,human,2,100.892306,-2e-06,-0.0,Other
196,ENSG00000138777,human,1,100.892306,-2e-06,-0.0,Other
197,ENSG00000075239,human,1,100.892306,-2e-06,-0.0,Other
198,ENSG00000157184,human,1,100.892306,-2e-06,-0.0,Other
199,ENSG00000173124,human,1,100.892306,-2e-06,-0.0,Other
200,ENSG00000161267,human,1,100.892306,-2e-06,-0.0,Other
201,ENSG00000083720,human,1,100.892306,-2e-06,-0.0,Other
202,ENSG00000178537,human,1,100.892306,-2e-06,-0.0,Other
203,ENSG00000180817,human,1,100.892306,-2e-06,-0.0,Other
204,ENSG00000134240,human,1,100.892306,-2e-06,-0.0,Other
205,ENSG00000117305,human,1,100.892306,-2e-06,-0.0,Other
206,ENSG00000105552,human,3,100.892306,-2e-06,-0.0,Other
207,ENSG00000248098,human,2,100.892306,-2e-06,-0.0,Other
208,ENSG00000205560,human,1,100.892306,-2e-06,-0.0,Other
209,ENSG00000164398,human,1,100.892306,-2e-06,-0.0,Other
210,ENSG00000151726,human,1,100.892306,-2e-06,-0.0,Other
211,ENSG00000083123,human,2,100.892306,-2e-06,-0.0,Other
212,ENSG00000128928,human,1,100.892306,-2e-06,-0.0,Other
213,ENSG00000131844,human,1,100.892306,-2e-06,-0.0,Other
214,ENSG00000078070,human,1,100.892306,-2e-06,-0.0,Other
215,ENSG00000137992,human,2,100.892306,-2e-06,-0.0,Other
216,ENSMUSG00000037012,mouse,1,100.892306,-2e-06,-0.0,Other
217,ENSG00000115840,human,1,100.892306,-2e-06,-0.0,Other
218,ENSG00000228253,human,1,100.892306,-2e-06,-0.0,Complex V
219,ENSG00000131055,human,1,100.892306,-2e-06,-0.0,Complex IV
220,ENSG00000178741,human,1,100.892306,-2e-06,-0.0,Complex IV
221,ENSG00000127184,human,1,100.892306,-2e-06,-0.0,Complex IV
222,ENSG00000111775,human,1,100.892306,-2e-06,-0.0,Complex IV
223,ENSG00000156885,human,1,100.892306,-2e-06,-0.0,Complex IV
224,ENSG00000176340,human,1,100.892306,-2e-06,-0.0,Complex IV
225,ENSG00000131174,human,1,100.892306,-2e-06,-0.0,Complex IV
226,ENSG00000161281,human,1,100.892306,-2e-06,-0.0,Complex IV
227,ENSG00000135940,human,1,100.892306,-2e-06,-0.0,Complex IV
228,ENSG00000126267,human,1,100.892306,-2e-06,-0.0,Complex IV
229,ENSG00000164919,human,1,100.892306,-2e-06,-0.0,Complex IV
230,ENSG00000198804,human,1,100.892306,-2e-06,-0.0,Complex IV
231,ENSG00000160471,human,1,100.892306,-2e-06,-0.0,Complex IV
232,ENSG00000112695,human,1,100.892306,-2e-06,-0.0,Complex IV
233,ENSG00000131143,human,1,100.892306,-2e-06,-0.0,Complex IV
234,ENSG00000115944,human,1,100.892306,-2e-06,-0.0,Complex IV
235,ENSG00000198712,human,1,100.892306,-2e-06,-0.0,Complex IV
236,ENSG00000154518,human,1,100.892306,-2e-06,-0.0,Complex V
237,ENSG00000249222,human,1,100.892306,-2e-06,-0.0,Complex V
238,ENSG00000198938,human,1,100.892306,-2e-06,-0.0,Complex IV
239,ENSG00000140740,human,1,100.892306,-2e-06,-0.0,Complex III
240,ENSG00000127540,human,1,100.892306,-2e-06,-0.0,Complex III
241,ENSG00000073578,human,1,100.892306,-2e-06,-0.0,Complex II
242,ENSG00000136521,human,1,100.892306,-2e-06,-0.0,Complex I
243,ENSG00000178127,human,1,100.892306,-2e-06,-0.0,Complex I
244,ENSG00000023228,human,1,100.892306,-2e-06,-0.0,Complex I
245,ENSG00000186010,human,1,100.892306,-2e-06,-0.0,Complex I
246,ENSG00000212907,human,1,100.892306,-2e-06,-0.0,Complex I
247,ENSG00000147684,human,1,100.892306,-2e-06,-0.0,Complex I
248,ENSG00000145494,human,1,100.892306,-2e-06,-0.0,Complex I
249,ENSG00000143252,human,1,100.892306,-2e-06,-0.0,Complex II
250,ENSG00000117118,human,1,100.892306,-2e-06,-0.0,Complex II
251,ENSG00000169021,human,1,100.892306,-2e-06,-0.0,Complex III
252,ENSG00000184076,human,1,100.892306,-2e-06,-0.0,Complex III
253,ENSG00000172115,human,1,100.892306,-2e-06,-0.0,Complex III
254,ENSG00000010256,human,1,100.892306,-2e-06,-0.0,Complex III
255,ENSG00000011295,human,1,100.892306,-2e-06,-0.0,Complex III
256,ENSG00000156467,human,1,100.892306,-2e-06,-0.0,Complex III
257,ENSG00000179091,human,1,100.892306,-2e-06,-0.0,Complex III
258,ENSG00000198727,human,1,100.892306,-2e-06,-0.0,Complex III
259,ENSG00000173660,human,1,100.892306,-2e-06,-0.0,Complex III
260,ENSG00000154723,human,1,100.892306,-2e-06,-0.0,Complex V
261,ENSG00000169020,human,1,100.892306,-2e-06,-0.0,Complex V
262,ENSG00000004864,human,1,100.892306,-2e-06,-0.0,Other
263,ENSG00000165629,human,1,100.892306,-2e-06,-0.0,Complex V
264,ENSG00000004455,human,1,100.892306,-2e-06,-0.0,Other
265,ENSG00000065833,human,1,100.892306,-2e-06,-0.0,Other
266,ENSG00000167701,human,1,100.892306,-2e-06,-0.0,Other
267,ENSG00000165695,human,1,100.892306,-2e-06,-0.0,Other
268,ENSG00000162433,human,1,100.892306,-2e-06,-0.0,Other
269,ENSG00000011052,human,1,100.892306,-2e-06,-0.0,Other
270,ENSG00000172113,human,1,100.892306,-2e-06,-0.0,Other
271,ENSG00000155085,human,1,100.892306,-2e-06,-0.0,Other
272,ENSG00000103024,human,1,100.892306,-2e-06,-0.0,Other
273,ENSG00000140057,human,1,100.892306,-2e-06,-0.0,Other
274,ENSG00000162368,human,1,100.892306,-2e-06,-0.0,Other
275,ENSG00000106992,human,2,100.892306,-2e-06,-0.0,Other
276,ENSG00000154027,human,1,100.892306,-2e-06,-0.0,Other
277,ENSG00000143156,human,1,100.892306,-2e-06,-0.0,Other
278,ENSG00000138413,human,1,100.892306,-2e-06,-0.0,Other
279,ENSG00000122729,human,1,100.892306,-2e-06,-0.0,Other
280,ENSG00000120053,human,4,100.892306,-2e-06,-0.0,Other
281,ENSG00000014641,human,1,100.892306,-2e-06,-0.0,Other
282,ENSG00000108528,human,1,100.892306,-2e-06,-0.0,Other
283,ENSG00000147853,human,1,100.892306,-2e-06,-0.0,Other
284,ENSG00000112992,human,1,100.892306,-2e-06,-0.0,Other
285,ENSG00000103202,human,0,100.892306,-2e-06,-0.0,Other
286,ENSG00000099624,human,1,100.892306,-2e-06,-0.0,Complex V
287,ENSG00000167863,human,1,100.892306,-2e-06,-0.0,Complex V
288,ENSG00000241837,human,1,100.892306,-2e-06,-0.0,Complex V
289,ENSG00000124172,human,1,100.892306,-2e-06,-0.0,Complex V
290,ENSG00000116459,human,1,100.892306,-2e-06,-0.0,Complex V
291,ENSG00000135390,human,1,100.892306,-2e-06,-0.0,Complex V
292,ENSG00000110955,human,1,100.892306,-2e-06,-0.0,Complex V
293,ENSG00000167283,human,1,100.892306,-2e-06,-0.0,Complex V
294,ENSG00000159199,human,1,100.892306,-2e-06,-0.0,Complex V
295,ENSG00000152234,human,1,100.892306,-2e-06,-0.0,Complex V
296,ENSG00000131473,human,1,100.892306,-2e-06,-0.0,Other
297,ENSG00000198899,human,1,100.892306,-2e-06,-0.0,Complex V
298,ENSG00000241468,human,1,100.892306,-2e-06,-0.0,Complex V
299,ENSG00000100889,human,1,100.892306,-2e-06,-0.0,Other
300,ENSG00000173599,human,1,100.892306,-2e-06,-0.0,Other
301,ENSG00000151376,human,1,100.892306,-2e-06,-0.0,Other
302,ENSG00000082212,human,1,100.892306,-2e-06,-0.0,Other
303,ENSG00000156110,human,0,100.892306,-2e-06,-0.0,Other
304,ENSG00000166123,human,1,100.892306,-2e-06,-0.0,Other
305,ENSG00000168710,human,1,100.892306,-2e-06,-0.0,Other
306,ENSG00000120254,human,1,100.892306,-2e-06,-0.0,Other
307,ENSG00000160200,human,1,100.892306,-2e-06,-0.0,Other
308,ENSG00000103415,human,1,100.892306,-2e-06,-0.0,Other
309,ENSG00000256269,human,1,100.892306,-2e-06,-0.0,Other
310,ENSG00000188690,human,1,100.892306,-2e-06,-0.0,Other
311,ENSG00000126088,human,0,100.892306,-2e-06,-0.0,Other
312,ENSG00000080819,human,1,100.892306,-2e-06,-0.0,Other
313,ENSG00000143224,human,1,100.892306,-2e-06,-0.0,Other
314,ENSG00000066926,human,1,100.892306,-2e-06,-0.0,Other
315,ENSG00000100292,human,1,100.892306,-2e-06,-0.0,Other
316,ENSG00000090013,human,0,100.892306,-2e-06,-0.0,Other
317,ENSG00000023330,human,1,100.892306,-2e-06,-0.0,Other
318,ENSG00000106605,human,1,100.892306,-2e-06,-0.0,Other
319,ENSG00000105223,human,1,100.892306,-2e-06,-0.0,Other
320,ENSG00000198814,human,1,100.892306,-2e-06,-0.0,Other
321,ENSG00000186281,human,1,100.892306,-2e-06,-0.0,Other
322,ENSG00000155189,human,1,100.892306,-2e-06,-0.0,Other
323,ENSG00000144559,human,1,100.892306,-2e-06,-0.0,Other
324,ENSG00000087157,human,1,100.892306,-2e-06,-0.0,Other
325,ENSG00000148218,human,1,100.892306,-2e-06,-0.0,Other
326,ENSG00000081181,human,1,100.892306,-2e-06,-0.0,Other
327,ENSG00000116761,human,2,100.892306,-2e-06,-0.0,Other
328,ENSG00000248144,human,1,100.892306,-2e-06,-0.0,Other
329,ENSG00000144644,human,1,100.892306,-2e-06,-0.0,Other
330,ENSG00000166165,human,1,100.892306,-2e-06,-0.0,Other
331,ENSG00000104879,human,1,100.892306,-2e-06,-0.0,Other
332,ENSG00000131730,human,1,100.892306,-2e-06,-0.0,Other
333,ENSG00000172497,human,1,100.892306,-2e-06,-0.0,Other
334,ENSG00000117448,human,1,100.892306,-2e-06,-0.0,Other
335,ENSG00000197894,human,1,100.892306,-2e-06,-0.0,Other
336,ENSG00000154930,human,0,100.892306,-2e-06,-0.0,Other
337,ENSG00000130707,human,1,100.892306,-2e-06,-0.0,Other
338,ENSG00000131069,human,1,100.892306,-2e-06,-0.0,Other
339,ENSG00000239900,human,1,100.892306,-2e-06,-0.0,Other
340,ENSG00000185100,human,1,100.892306,-2e-06,-0.0,Other
341,ENSG00000035687,human,1,100.892306,-2e-06,-0.0,Other
342,ENSG00000116748,human,1,100.892306,-2e-06,-0.0,Other
343,ENSG00000118520,human,1,100.892306,-2e-06,-0.0,Other
344,ENSG00000126522,human,1,100.892306,-2e-06,-0.0,Other
345,ENSG00000110536,human,1,100.892306,-2e-06,-0.0,Other
346,ENSG00000088766,human,1,100.892306,-2e-06,-0.0,Other
347,ENSG00000134326,human,2,100.892306,-2e-06,-0.0,Other
348,ENSG00000182107,human,3,100.892306,-2e-06,-0.0,Other
349,ENSG00000155287,human,1,100.892306,-2e-06,-0.0,Other
350,ENSG00000145246,human,3,100.892306,-2e-06,-0.0,Other
351,ENSG00000058063,human,3,100.892306,-2e-06,-0.0,Other
352,ENSG00000112697,human,3,100.892306,-2e-06,-0.0,Other
353,ENSG00000124406,human,3,100.892306,-2e-06,-0.0,Other
354,ENSG00000054793,human,3,100.892306,-2e-06,-0.0,Other
355,ENSG00000101974,human,3,100.892306,-2e-06,-0.0,Other
356,ENSG00000068650,human,3,100.892306,-2e-06,-0.0,Other
357,ENSG00000142168,human,1,100.892306,-2e-06,-0.0,Other
358,ENSG00000206190,human,3,100.892306,-2e-06,-0.0,Other
359,ENSG00000166377,human,3,100.892306,-2e-06,-0.0,Other
360,ENSG00000081923,human,3,100.892306,-2e-06,-0.0,Other
361,ENSG00000143515,human,3,100.892306,-2e-06,-0.0,Other
362,ENSG00000104043,human,3,100.892306,-2e-06,-0.0,Other
363,ENSG00000084774,human,4,100.892306,-2e-06,-0.0,Other
364,ENSG00000102967,human,1,100.892306,-2e-06,-0.0,Other
365,ENSG00000147454,human,1,100.892306,-2e-06,-0.0,Other
366,ENSG00000143158,human,2,100.892306,-2e-06,-0.0,Other
367,ENSG00000060762,human,2,100.892306,-2e-06,-0.0,Other
368,ENSG00000197119,human,4,100.892306,-2e-06,-0.0,Other
369,ENSG00000112096,human,1,100.892306,-2e-06,-0.0,Other
370,ENSG00000176153,human,0,100.892306,-2e-06,-0.0,Other
371,ENSG00000233276,human,1,100.892306,-2e-06,-0.0,Other
372,ENSG00000104687,human,2,100.892306,-2e-06,-0.0,Other
373,ENSG00000100075,human,5,100.892306,-2e-06,-0.0,Other
374,ENSG00000075415,human,1,100.892306,-2e-06,-0.0,Other
375,ENSG00000151729,human,1,100.892306,-2e-06,-0.0,ATPtranslocase
376,ENSG00000005022,human,1,100.892306,-2e-06,-0.0,ATPtranslocase
377,ENSG00000169100,human,1,100.892306,-2e-06,-0.0,ATPtranslocase
378,ENSG00000175564,human,1,100.892306,-2e-06,-0.0,Other
379,ENSG00000175567,human,1,100.892306,-2e-06,-0.0,Other
380,ENSG00000183048,human,9,100.892306,-2e-06,-0.0,Other
381,ENSG00000181035,human,2,100.892306,-2e-06,-0.0,Other
382,ENSG00000182902,human,1,100.892306,-2e-06,-0.0,Other
383,ENSG00000102743,human,3,100.892306,-2e-06,-0.0,Other
384,ENSG00000139344,human,1,100.892306,-2e-06,-0.0,Other
385,ENSG00000159650,human,1,100.892306,-2e-06,-0.0,Other
386,ENSG00000084110,human,1,100.892306,-2e-06,-0.0,Other
387,ENSG00000069535,human,1,100.892306,-2e-06,-0.0,Other
388,ENSG00000065154,human,1,100.892306,-2e-06,-0.0,Other
389,ENSG00000115758,human,1,100.892306,-2e-06,-0.0,Other
390,ENSG00000002726,human,0,100.892306,-2e-06,-0.0,Other
391,ENSG00000143149,human,5,100.892306,-2e-06,-0.0,Other
392,ENSG00000142920,human,1,100.892306,-2e-06,-0.0,Other
393,ENSG00000116771,human,1,100.892306,-2e-06,-0.0,Other
394,ENSG00000141504,human,0,100.892306,-2e-06,-0.0,Other
395,ENSG00000072210,human,2,100.892306,-2e-06,-0.0,Other
396,ENSG00000135423,human,1,100.892306,-2e-06,-0.0,Other
397,ENSG00000137124,human,2,100.892306,-2e-06,-0.0,Other
398,ENSG00000136750,human,0,100.892306,-2e-06,-0.0,Other
399,ENSG00000183044,human,2,100.892306,-2e-06,-0.0,Other
400,ENSG00000112294,human,1,100.892306,-2e-06,-0.0,Other
401,ENSG00000182890,human,2,100.892306,-2e-06,-0.0,Other
402,ENSG00000148672,human,4,100.892306,-2e-06,-0.0,Other
403,ENSG00000135821,human,1,100.892306,-2e-06,-0.0,Other
404,ENSG00000183010,human,2,100.892306,-2e-06,-0.0,Other
405,ENSG00000059573,human,2,100.892306,-2e-06,-0.0,Other
406,ENSG00000159423,human,1,100.892306,-2e-06,-0.0,Other
407,ENSG00000100033,human,1,100.892306,-2e-06,-0.0,Other
408,ENSG00000129596,human,1,100.892306,-2e-06,-0.0,Other
409,ENSG00000128309,human,4,100.892306,-2e-06,-0.0,Other
410,ENSG00000131203,human,1,100.892306,-2e-06,-0.0,Other
411,ENSG00000151790,human,1,100.892306,-2e-06,-0.0,Other
412,ENSG00000183077,human,1,100.892306,-2e-06,-0.0,Other
413,ENSG00000117009,human,1,100.892306,-2e-06,-0.0,Other
414,ENSG00000115919,human,1,100.892306,-2e-06,-0.0,Other
415,ENSG00000162882,human,1,100.892306,-2e-06,-0.0,Other
416,ENSG00000153086,human,1,100.892306,-2e-06,-0.0,Other
417,ENSG00000183032,human,4,100.892306,-2e-06,-0.0,Other
418,ENSG00000105607,human,1,100.892306,-2e-06,-0.0,Other
419,ENSG00000008311,human,2,100.892306,-2e-06,-0.0,Other
420,ENSG00000164904,human,8,100.892306,-2e-06,-0.0,Other
421,ENSG00000109576,human,1,100.892306,-2e-06,-0.0,Other
422,ENSG00000179761,human,1,100.892306,-2e-06,-0.0,Other
423,ENSG00000115419,human,2,100.892306,-2e-06,-0.0,Other
424,ENSG00000092621,human,1,100.892306,-2e-06,-0.0,Other
425,ENSG00000166183,human,1,100.892306,-2e-06,-0.0,Other
426,ENSG00000100983,human,1,100.892306,-2e-06,-0.0,Other
427,ENSG00000021826,human,1,100.892306,-2e-06,-0.0,Other
428,ENSG00000036473,human,1,100.892306,-2e-06,-0.0,Other
429,ENSG00000007171,human,2,100.892306,-2e-06,-0.0,Other
430,ENSG00000167741,human,1,100.892306,-2e-06,-0.0,Other
431,ENSG00000131067,human,1,100.892306,-2e-06,-0.0,Other
432,ENSG00000166825,human,1,100.892306,-2e-06,-0.0,Other
433,ENSG00000001084,human,1,100.892306,-2e-06,-0.0,Other
434,ENSG00000171759,human,1,100.892306,-2e-06,-0.0,Other
435,ENSG00000135069,human,1,100.892306,-2e-06,-0.0,Other
436,ENSG00000151552,human,1,100.892306,-2e-06,-0.0,Other
437,ENSG00000104951,human,1,100.892306,-2e-06,-0.0,Other
438,ENSG00000158104,human,1,100.892306,-2e-06,-0.0,Other
439,ENSG00000113924,human,1,100.892306,-2e-06,-0.0,Other
440,ENSG00000100577,human,1,100.892306,-2e-06,-0.0,Other
441,ENSG00000103876,human,1,100.892306,-2e-06,-0.0,Other
442,ENSG00000070669,human,1,100.892306,-2e-06,-0.0,Other
443,ENSG00000166816,human,1,100.892306,-2e-06,-0.0,Other
444,ENSG00000063854,human,0,100.892306,-2e-06,-0.0,Other
445,ENSG00000124767,human,1,100.892306,-2e-06,-0.0,Other
446,ENSG00000100116,human,1,100.892306,-2e-06,-0.0,Other
447,ENSG00000146733,human,1,100.892306,-2e-06,-0.0,Other
448,ENSG00000176974,human,1,100.892306,-2e-06,-0.0,Other
449,ENSG00000228716,human,2,100.892306,-2e-06,-0.0,Other
450,ENSG00000100714,human,3,100.892306,-2e-06,-0.0,Other
451,ENSG00000163738,human,4,100.892306,-2e-06,-0.0,Other
452,ENSG00000160282,human,1,100.892306,-2e-06,-0.0,Other
453,ENSG00000144908,human,1,100.892306,-2e-06,-0.0,Other
454,ENSG00000167720,human,1,100.892306,-2e-06,-0.0,Other
455,ENSG00000182199,human,1,100.892306,-2e-06,-0.0,Other
456,ENSG00000178445,human,1,100.892306,-2e-06,-0.0,Other
457,ENSG00000145020,human,1,100.892306,-2e-06,-0.0,Other
458,ENSG00000178700,human,2,100.892306,-2e-06,-0.0,Other
459,ENSG00000065911,human,2,100.892306,-2e-06,-0.0,Other
460,ENSG00000213619,human,1,100.892306,-2e-06,-0.0,Complex I
461,ENSG00000136010,human,1,100.892306,-2e-06,-0.0,Other
462,ENSG00000166136,human,1,100.892306,-2e-06,-0.0,Complex I
463,ENSG00000152556,human,1,100.892306,-2e-06,-0.0,Other
464,ENSG00000198840,human,1,100.892306,-2e-06,-0.0,Complex I
465,ENSMUSG00000017453,mouse,1,100.892306,-2e-06,-0.0,Other
466,ENSMUSG00000039783,mouse,1,100.892306,-2e-06,-0.0,Other
467,ENSMUSG00000026866,mouse,1,100.892306,-2e-06,-0.0,Other
468,ENSMUSG00000000673,mouse,1,100.892306,-2e-06,-0.0,Other
469,ENSMUSG00000026348,mouse,1,100.892306,-2e-06,-0.0,Other
470,ENSMUSG00000035472,mouse,4,100.892306,-2e-06,-0.0,Other
471,ENSMUSG00000053644,mouse,8,100.892306,-2e-06,-0.0,Other
472,Non-enzymatic,human,1,100.892306,-2e-06,-0.0,Other
473,ENSMUSG00000025007,mouse,2,100.892306,-2e-06,-0.0,Other
474,ENSMUSG00000028910,mouse,6,100.892306,-2e-06,-0.0,Other
475,ENSMUSG00000025140,mouse,2,100.892306,-2e-06,-0.0,Other
476,ENSMUSG00000011179,mouse,1,100.892306,-2e-06,-0.0,Other
477,ENSMUSG00000029811,mouse,1,100.892306,-2e-06,-0.0,Other
478,ENSMUSG00000026687,mouse,5,100.892306,-2e-06,-0.0,Other
479,ENSMUSG00000028789,mouse,1,100.892306,-2e-06,-0.0,Other
480,ENSMUSG00000040147,mouse,2,100.892306,-2e-06,-0.0,Other
481,ENSMUSG00000035561,mouse,2,100.892306,-2e-06,-0.0,Other
482,ENSMUSG00000017718,mouse,1,100.892306,-2e-06,-0.0,Other
483,ENSMUSG00000033022,mouse,1,100.892306,-2e-06,-0.0,Other
484,ENSMUSG00000028179,mouse,2,100.892306,-2e-06,-0.0,Other
485,ENSMUSG00000024039,mouse,1,100.892306,-2e-06,-0.0,Other
486,ENSMUSG00000042010,mouse,1,100.892306,-2e-06,-0.0,Other
487,ENSMUSG00000025153,mouse,31,100.892306,-2e-06,-0.0,Other
488,ENSMUSG00000030935,mouse,1,100.892306,-2e-06,-0.0,Other
489,ENSMUSG00000027875,mouse,1,100.892306,-2e-06,-0.0,Other
490,ENSMUSG00000029776,mouse,1,100.892306,-2e-06,-0.0,Other
491,ENSMUSG00000035948,mouse,1,100.892306,-2e-06,-0.0,Other
492,ENSMUSG00000019883,mouse,1,100.892306,-2e-06,-0.0,Other
493,ENSMUSG00000029597,mouse,2,100.892306,-2e-06,-0.0,Other
494,ENSMUSG00000029596,mouse,2,100.892306,-2e-06,-0.0,Other
495,ENSMUSG00000053907,mouse,1,100.892306,-2e-06,-0.0,Other
496,N/A,human,2,100.892306,-2e-06,-0.0,Other
497,ENSMUSG00000027597,mouse,1,100.892306,-2e-06,-0.0,Other
498,ENSMUSG00000027893,mouse,1,100.892306,-2e-06,-0.0,Other
499,ENSMUSG00000029772,mouse,1,100.892306,-2e-06,-0.0,Other
500,ENSMUSG00000039197,mouse,1,100.892306,-2e-06,-0.0,Other
501,ENSMUSG00000010025,mouse,2,100.892306,-2e-06,-0.0,Other
502,ENSMUSG00000026787,mouse,1,100.892306,-2e-06,-0.0,Other
503,ENSMUSG00000057880,mouse,2,100.892306,-2e-06,-0.0,Other
504,ENSMUSG00000031958,mouse,1,100.892306,-2e-06,-0.0,Other
505,ENSMUSG00000031173,mouse,1,100.892306,-2e-06,-0.0,Other
506,ENSMUSG00000020826,mouse,2,100.892306,-2e-06,-0.0,Other
507,ENSMUSG00000040471,mouse,1,100.892306,-2e-06,-0.0,Other
508,ENSMUSG00000027603,mouse,1,100.892306,-2e-06,-0.0,Other
509,ENSMUSG00000039062,mouse,1,100.892306,-2e-06,-0.0,Other
510,ENSMUSG00000032350,mouse,1,100.892306,-2e-06,-0.0,Other
511,ENSMUSG00000027610,mouse,1,100.892306,-2e-06,-0.0,Other
512,ENSMUSG00000020051,mouse,1,100.892306,-2e-06,-0.0,Other
513,ENSMUSG00000015806,mouse,1,100.892306,-2e-06,-0.0,Other
514,ENSMUSG00000074141,mouse,1,100.892306,-2e-06,-0.0,Other
515,ENSMUSG00000029445,mouse,1,100.892306,-2e-06,-0.0,Other
516,ENSMUSG00000022821,mouse,1,100.892306,-2e-06,-0.0,Other
517,ENSMUSG00000021033,mouse,1,100.892306,-2e-06,-0.0,Other
518,ENSMUSG00000030630,mouse,1,100.892306,-2e-06,-0.0,Other
519,ENSMUSG00000029752,mouse,1,100.892306,-2e-06,-0.0,Other
520,ENSMUSG00000025991,mouse,1,100.892306,-2e-06,-0.0,Other
521,ENSMUSG00000024158,mouse,1,100.892306,-2e-06,-0.0,Other
522,ENSMUSG00000035936,mouse,1,100.892306,-2e-06,-0.0,Other
523,ENSMUSG00000024026,mouse,1,100.892306,-2e-06,-0.0,Other
524,ENSMUSG00000026473,mouse,1,100.892306,-2e-06,-0.0,Other
525,ENSMUSG00000026103,mouse,2,100.892306,-2e-06,-0.0,Other
526,ENSMUSG00000044005,mouse,1,100.892306,-2e-06,-0.0,Other
527,ENSMUSG00000013629,mouse,4,100.892306,-2e-06,-0.0,Other
528,ENSMUSG00000053398,mouse,1,100.892306,-2e-06,-0.0,Other
529,ENSMUSG00000024640,mouse,1,100.892306,-2e-06,-0.0,Other
530,ENSMUSG00000029446,mouse,1,100.892306,-2e-06,-0.0,Other
531,ENSMUSG00000021707,mouse,4,100.892306,-2e-06,-0.0,Other
532,ENSMUSG00000029376,mouse,4,100.892306,-2e-06,-0.0,Other
533,ENSMUSG00000001323,mouse,1,100.892306,-2e-06,-0.0,Other
534,ENSMUSG00000005667,mouse,2,100.892306,-2e-06,-0.0,Other
535,ENSMUSG00000040675,mouse,1,100.892306,-2e-06,-0.0,Other
536,ENSMUSG00000020256,mouse,1,100.892306,-2e-06,-0.0,Other
537,ENSMUSG00000116378,mouse,0,100.892306,-2e-06,-0.0,Other
538,ENSMUSG00000006378,mouse,1,100.892306,-2e-06,-0.0,Other
539,ENSMUSG00000020532,mouse,1,100.892306,-2e-06,-0.0,Other
540,ENSMUSG00000021226,mouse,2,100.892306,-2e-06,-0.0,Other
541,ENSG00000140990,human,1,100.892306,-2e-06,-0.0,Complex I
542,ENSMUSG00000029632,mouse,1,100.892306,-2e-06,-0.0,Complex I
543,ENSMUSG00000021957,mouse,2,100.892306,-2e-06,-0.0,Other
544,ENSMUSG00000025503,mouse,1,100.892306,-2e-06,-0.0,Other
545,ENSMUSG00000030541,mouse,1,100.892306,-2e-06,-0.0,Other
546,ENSMUSG00000052738,mouse,1,100.892306,-2e-06,-0.0,Other
547,ENSMUSG00000061838,mouse,1,100.892306,-2e-06,-0.0,Other
548,ENSMUSG00000031059,mouse,1,100.892306,-2e-06,-0.0,Complex I
549,ENSMUSG00000061633,mouse,1,100.892306,-2e-06,-0.0,Complex I
550,ENSMUSG00000040280,mouse,1,100.892306,-2e-06,-0.0,Complex I
551,ENSMUSG00000028013,mouse,1,100.892306,-2e-06,-0.0,Other
552,ENSMUSG00000031818,mouse,1,100.892306,-2e-06,-0.0,Complex IV
553,ENSMUSG00000009876,mouse,1,100.892306,-2e-06,-0.0,Complex IV
554,ENSMUSG00000041697,mouse,1,100.892306,-2e-06,-0.0,Complex IV
555,ENSMUSG00000030785,mouse,1,100.892306,-2e-06,-0.0,Complex IV
556,ENSMUSG00000036751,mouse,1,100.892306,-2e-06,-0.0,Complex IV
557,ENSMUSG00000051811,mouse,1,100.892306,-2e-06,-0.0,Complex IV
558,ENSMUSG00000074218,mouse,1,100.892306,-2e-06,-0.0,Complex IV
559,ENSMUSG00000026005,mouse,1,100.892306,-2e-06,-0.0,Other
560,ENSMUSG00000053604,mouse,1,100.892306,-2e-06,-0.0,Other
561,ENSMUSG00000028961,mouse,1,100.892306,-2e-06,-0.0,Other
562,ENSMUSG00000031807,mouse,1,100.892306,-2e-06,-0.0,Other
563,ENSMUSG00000025877,mouse,1,100.892306,-2e-06,-0.0,Other
564,ENSMUSG00000041798,mouse,1,100.892306,-2e-06,-0.0,Other
565,ENSMUSG00000078650,mouse,1,100.892306,-2e-06,-0.0,Other
566,ENSMUSG00000069805,mouse,1,100.892306,-2e-06,-0.0,Other
567,ENSMUSG00000021456,mouse,1,100.892306,-2e-06,-0.0,Other
568,ENSMUSG00000030695,mouse,1,100.892306,-2e-06,-0.0,Other
569,ENSMUSG00000017390,mouse,1,100.892306,-2e-06,-0.0,Other
570,ENSMUSG00000011752,mouse,1,100.892306,-2e-06,-0.0,Other
571,ENSMUSG00000020475,mouse,1,100.892306,-2e-06,-0.0,Other
572,ENSMUSG00000063524,mouse,1,100.892306,-2e-06,-0.0,Other
573,ENSMUSG00000004267,mouse,1,100.892306,-2e-06,-0.0,Other
574,ENSMUSG00000060600,mouse,1,100.892306,-2e-06,-0.0,Other
575,ENSMUSG00000032294,mouse,2,100.892306,-2e-06,-0.0,Other
576,ENSMUSG00000027513,mouse,1,100.892306,-2e-06,-0.0,Other
577,ENSMUSG00000089992,mouse,1,100.892306,-2e-06,-0.0,Other
578,ENSMUSG00000032330,mouse,1,100.892306,-2e-06,-0.0,Complex IV
579,ENSMUSG00000024248,mouse,1,100.892306,-2e-06,-0.0,Complex IV
580,ENSMUSG00000035885,mouse,1,100.892306,-2e-06,-0.0,Complex IV
581,ENSMUSG00000028527,mouse,1,100.892306,-2e-06,-0.0,Other
582,ENSMUSG00000041323,mouse,1,100.892306,-2e-06,-0.0,Other
583,ENSMUSG00000026807,mouse,1,100.892306,-2e-06,-0.0,Other
584,ENSMUSG00000091415,mouse,1,100.892306,-2e-06,-0.0,Other
585,ENSMUSG00000027010,mouse,1,100.892306,-2e-06,-0.0,Other
586,ENSMUSG00000015112,mouse,1,100.892306,-2e-06,-0.0,Other
587,ENSMUSG00000023019,mouse,1,100.892306,-2e-06,-0.0,Other
588,ENSMUSG00000050627,mouse,1,100.892306,-2e-06,-0.0,Other
589,ENSMUSG00000026827,mouse,1,100.892306,-2e-06,-0.0,Other
590,ENSMUSG00000018796,mouse,1,100.892306,-2e-06,-0.0,Other
591,ENSMUSG00000032883,mouse,1,100.892306,-2e-06,-0.0,Other
592,ENSMUSG00000031278,mouse,1,100.892306,-2e-06,-0.0,Other
593,ENSMUSG00000032281,mouse,1,100.892306,-2e-06,-0.0,Other
594,ENSMUSG00000020333,mouse,1,100.892306,-2e-06,-0.0,Other
595,ENSMUSG00000024981,mouse,1,100.892306,-2e-06,-0.0,Other
596,ENSMUSG00000024207,mouse,1,100.892306,-2e-06,-0.0,Other
597,ENSMUSG00000039058,mouse,1,100.892306,-2e-06,-0.0,Other
598,ENSMUSG00000028719,mouse,1,100.892306,-2e-06,-0.0,Other
599,ENSMUSG00000043319,mouse,1,100.892306,-2e-06,-0.0,Complex IV
600,ENSMUSG00000026575,mouse,1,100.892306,-2e-06,-0.0,Other
601,ENSMUSG00000006057,mouse,1,100.892306,-2e-06,-0.0,Complex V
602,ENSMUSG00000062683,mouse,1,100.892306,-2e-06,-0.0,Complex V
603,ENSMUSG00000018770,mouse,1,100.892306,-2e-06,-0.0,Complex V
604,ENSMUSG00000024892,mouse,1,100.892306,-2e-06,-0.0,Other
605,ENSMUSG00000030621,mouse,1,100.892306,-2e-06,-0.0,Other
606,ENSMUSG00000024556,mouse,1,100.892306,-2e-06,-0.0,Other
607,ENSMUSG00000020917,mouse,2,100.892306,-2e-06,-0.0,Other
608,ENSMUSG00000024177,mouse,2,100.892306,-2e-06,-0.0,Other
609,ENSMUSG00000116207,mouse,1,100.892306,-2e-06,-0.0,Other
610,ENSMUSG00000028792,mouse,1,100.892306,-2e-06,-0.0,Other
611,ENSMUSG00000024782,mouse,1,100.892306,-2e-06,-0.0,Other
612,ENSMUSG00000032418,mouse,1,100.892306,-2e-06,-0.0,Other
613,ENSMUSG00000091228,mouse,1,100.892306,-2e-06,-0.0,Other
614,ENSMUSG00000073435,mouse,1,100.892306,-2e-06,-0.0,Other
615,ENSMUSG00000032478,mouse,1,100.892306,-2e-06,-0.0,Other
616,ENSMUSG00000056880,mouse,1,100.892306,-2e-06,-0.0,Other
617,ENSMUSG00000001270,mouse,1,100.892306,-2e-06,-0.0,Other
618,ENSMUSG00000030399,mouse,1,100.892306,-2e-06,-0.0,Other
619,ENSG00000101365,human,1,100.892306,-2e-06,-0.0,Other
620,ENSG00000131828,human,1,100.892306,-2e-06,-0.0,Other
621,ENSG00000150768,human,1,100.892306,-2e-06,-0.0,Other
622,ENSG00000168291,human,1,100.892306,-2e-06,-0.0,Other
623,ENSG00000091140,human,6,100.892306,-2e-06,-0.0,Other
624,ENSG00000062485,human,1,100.892306,-2e-06,-0.0,Other
625,ENSG00000100412,human,1,100.892306,-2e-06,-0.0,Other
626,ENSG00000067829,human,1,100.892306,-2e-06,-0.0,Other
627,ENSG00000166411,human,1,100.892306,-2e-06,-0.0,Other
628,ENSMUSG00000021622,mouse,1,100.892306,-2e-06,-0.0,Other
629,ENSG00000182054,human,1,100.892306,-2e-06,-0.0,Other
630,ENSG00000119689,human,2,100.892306,-2e-06,-0.0,Other
631,ENSG00000105953,human,2,100.892306,-2e-06,-0.0,Other
632,ENSG00000172340,human,1,100.892306,-2e-06,-0.0,Other
633,ENSG00000163541,human,1,100.892306,-2e-06,-0.0,Other
634,ENSG00000136143,human,1,100.892306,-2e-06,-0.0,Other
635,ENSG00000091483,human,2,100.892306,-2e-06,-0.0,Other
636,ENSG00000177156,human,1,100.892306,-2e-06,-0.0,Other
637,ENSG00000163931,human,2,100.892306,-2e-06,-0.0,Other
638,ENSG00000235376,human,1,100.892306,-2e-06,-0.0,Other
639,ENSG00000153574,human,1,100.892306,-2e-06,-0.0,Other
640,ENSG00000109107,human,1,100.892306,-2e-06,-0.0,Other
641,ENSG00000111669,human,1,100.892306,-2e-06,-0.0,Other
642,ENSG00000111640,human,1,100.892306,-2e-06,-0.0,Other
643,ENSG00000102144,human,1,100.892306,-2e-06,-0.0,Other
644,ENSG00000164708,human,1,100.892306,-2e-06,-0.0,Other
645,ENSG00000171314,human,1,100.892306,-2e-06,-0.0,Other
646,ENSG00000111674,human,1,100.892306,-2e-06,-0.0,Other
647,ENSG00000074800,human,1,100.892306,-2e-06,-0.0,Other
648,ENSG00000108515,human,1,100.892306,-2e-06,-0.0,Other
649,ENSG00000067225,human,2,100.892306,-2e-06,-0.0,Other
650,ENSG00000124253,human,1,100.892306,-2e-06,-0.0,Other
651,ENSG00000111716,human,3,100.892306,-2e-06,-0.0,Other
652,ENSG00000160211,human,1,100.892306,-2e-06,-0.0,Other
653,ENSG00000130313,human,1,100.892306,-2e-06,-0.0,Other
654,ENSG00000142657,human,1,100.892306,-2e-06,-0.0,Other
655,ENSG00000146701,human,1,100.892306,-2e-06,-0.0,Other
656,ENSG00000109390,human,1,100.892306,-2e-06,-0.0,Complex I
657,ENSG00000158864,human,1,100.892306,-2e-06,-0.0,Complex I
658,ENSG00000131495,human,1,100.892306,-2e-06,-0.0,Complex I
659,ENSG00000128609,human,1,100.892306,-2e-06,-0.0,Complex I
660,ENSG00000185633,human,1,100.892306,-2e-06,-0.0,Complex I
661,ENSG000001152863,human,1,100.892306,-2e-06,-0.0,Complex I
662,ENSG00000187581,human,1,100.892306,-2e-06,-0.0,Complex IV
663,ENSG0000006385,human,1,100.892306,-2e-06,-0.0,Other
664,ENSG00000267855,human,1,100.892306,-2e-06,-0.0,Complex I
665,ENSG00000184752,human,1,100.892306,-2e-06,-0.0,Complex I
666,ENSG00000198886,human,1,100.892306,-2e-06,-0.0,Complex I
667,ENSG00000090266,human,1,100.892306,-2e-06,-0.0,Complex I
668,ENSG00000184983,human,1,100.892306,-2e-06,-0.0,Complex I
669,ENSG00000167792,human,1,100.892306,-2e-06,-0.0,Complex I
670,ENSG00000115286,human,0,100.892306,-2e-06,-0.0,Other
671,ENSG00000130414,human,1,100.892306,-2e-06,-0.0,Complex I
672,ENSG00000139180,human,1,100.892306,-2e-06,-0.0,Complex I
673,ENSG00000065518,human,1,100.892306,-2e-06,-0.0,Complex I
674,ENSG00000198888,human,1,100.892306,-2e-06,-0.0,Complex I
675,ENSG00000160194,human,1,100.892306,-2e-06,-0.0,Complex I
676,ENSG00000165264,human,1,100.892306,-2e-06,-0.0,Complex I
677,ENSG00000110717,human,1,100.892306,-2e-06,-0.0,Complex I
678,ENSG00000183648,human,1,100.892306,-2e-06,-0.0,Complex I
679,ENSG00000147123,human,1,100.892306,-2e-06,-0.0,Complex I
680,ENSG00000151366,human,1,100.892306,-2e-06,-0.0,Complex I
681,ENSG00000119421,human,1,100.892306,-2e-06,-0.0,Complex I
682,ENSG00000198786,human,1,100.892306,-2e-06,-0.0,Complex I
683,ENSG00000004779,human,1,100.892306,-2e-06,-0.0,Complex I
684,ENSG00000189043,human,1,100.892306,-2e-06,-0.0,Complex I
685,ENSG00000174886,human,1,100.892306,-2e-06,-0.0,Complex I
686,ENSG00000198695,human,1,100.892306,-2e-06,-0.0,Complex I
687,ENSG00000170906,human,1,100.892306,-2e-06,-0.0,Complex I
688,ENSG00000198763,human,1,100.892306,-2e-06,-0.0,Complex I
689,ENSG00000168653,human,1,100.892306,-2e-06,-0.0,Complex I
690,ENSG00000099795,human,1,100.892306,-2e-06,-0.0,Complex I
691,ENSG00000164258,human,1,100.892306,-2e-06,-0.0,Complex I
692,ENSG00000119013,human,1,100.892306,-2e-06,-0.0,Complex I
693,ENSG00000149925,human,1,100.892306,-2e-06,-0.0,Other
694,ENSG00000130957,human,1,100.892306,-2e-06,-0.0,Other
695,ENSG00000165140,human,1,100.892306,-2e-06,-0.0,Other
696,ENSMUSG00000028684,mouse,1,100.892306,-2e-06,-0.0,Other
697,ENSMUSG00000062729,mouse,1,100.892306,-2e-06,-0.0,Other
698,ENSMUSG00000024588,mouse,1,100.892306,-2e-06,-0.0,Other
699,ENSMUSG00000005413,mouse,1,100.892306,-2e-06,-0.0,Other
700,ENSMUSG00000004070,mouse,1,100.892306,-2e-06,-0.0,Other
701,ENSMUSG00000040466,mouse,1,100.892306,-2e-06,-0.0,Other
702,ENSMUSG00000001999,mouse,1,100.892306,-2e-06,-0.0,Other
703,ENSMUSG00000003363,mouse,1,100.892306,-2e-06,-0.0,Other
704,ENSMUSG00000046338,mouse,1,100.892306,-2e-06,-0.0,Other
705,ENSMUSG00000031467,mouse,1,100.892306,-2e-06,-0.0,Other
706,ENSMUSG00000030316,mouse,1,100.892306,-2e-06,-0.0,Other
707,ENSMUSG00000017715,mouse,1,100.892306,-2e-06,-0.0,Other
708,ENSMUSG00000063235,mouse,1,100.892306,-2e-06,-0.0,Other
709,ENSMUSG00000027357,mouse,2,100.892306,-2e-06,-0.0,Other
710,ENSMUSG00000020638,mouse,1,100.892306,-2e-06,-0.0,Other
711,ENSMUSG00000022982,mouse,1,100.892306,-2e-06,-0.0,Other
712,ENSMUSG00000022742,mouse,1,100.892306,-2e-06,-0.0,Other
713,ENSMUSG00000030979,mouse,1,100.892306,-2e-06,-0.0,Other
714,ENSMUSG00000042808,mouse,1,100.892306,-2e-06,-0.0,Other
715,ENSMUSG00000032126,mouse,1,100.892306,-2e-06,-0.0,Other
716,ENSMUSG00000028692,mouse,1,100.892306,-2e-06,-0.0,Other
717,ENSMUSG00000074207,mouse,1,100.892306,-2e-06,-0.0,Other
718,ENSMUSG00000028138,mouse,1,100.892306,-2e-06,-0.0,Other
719,ENSMUSG00000027452,mouse,1,100.892306,-2e-06,-0.0,Other
720,ENSMUSG00000027605,mouse,1,100.892306,-2e-06,-0.0,Other
721,ENSMUSG00000022407,mouse,1,100.892306,-2e-06,-0.0,Other
722,ENSMUSG00000015961,mouse,1,100.892306,-2e-06,-0.0,Other
723,ENSMUSG00000011148,mouse,1,100.892306,-2e-06,-0.0,Other
724,ENSMUSG00000070385,mouse,1,100.892306,-2e-06,-0.0,Other
725,ENSMUSG00000019987,mouse,1,100.892306,-2e-06,-0.0,Other
726,ENSMUSG00000025533,mouse,1,100.892306,-2e-06,-0.0,Other
727,ENSMUSG00000076441,mouse,1,100.892306,-2e-06,-0.0,Other
728,ENSMUSG00000021125,mouse,1,100.892306,-2e-06,-0.0,Other
729,ENSMUSG00000032786,mouse,1,100.892306,-2e-06,-0.0,Other
730,ENSMUSG00000028393,mouse,1,100.892306,-2e-06,-0.0,Other
731,ENSMUSG00000006818,mouse,1,100.892306,-2e-06,-0.0,Other
732,ENSMUSG00000031633,mouse,1,100.892306,-2e-06,-0.0,ATPtranslocase
733,ENSMUSG00000000628,mouse,1,100.892306,-2e-06,-0.0,Other
734,ENSMUSG00000037400,mouse,3,100.892306,-2e-06,-0.0,Other
735,ENSMUSG00000032328,mouse,3,100.892306,-2e-06,-0.0,Other
736,ENSMUSG00000034435,mouse,3,100.892306,-2e-06,-0.0,Other
737,ENSMUSG00000031730,mouse,1,100.892306,-2e-06,-0.0,Other
738,ENSMUSG00000028011,mouse,1,100.892306,-2e-06,-0.0,Other
739,ENSMUSG00000031551,mouse,1,100.892306,-2e-06,-0.0,Other
740,ENSMUSG00000040706,mouse,1,100.892306,-2e-06,-0.0,Other
741,ENSMUSG00000069835,mouse,1,100.892306,-2e-06,-0.0,Other
742,ENSMUSG00000021620,mouse,1,100.892306,-2e-06,-0.0,Other
743,ENSMUSG00000031710,mouse,1,100.892306,-2e-06,-0.0,Other
744,ENSG00000159399,human,1,100.892306,-2e-06,-0.0,Other
745,ENSG00000156515,human,1,100.892306,-2e-06,-0.0,Other
746,ENSG00000160883,human,1,100.892306,-2e-06,-0.0,Other
747,ENSG00000106633,human,1,100.892306,-2e-06,-0.0,Other
748,ENSG00000131482,human,1,100.892306,-2e-06,-0.0,Other
749,ENSG00000105220,human,1,100.892306,-2e-06,-0.0,Other
750,ENSMUSG00000062949,mouse,3,100.892306,-2e-06,-0.0,Other
751,ENSMUSG00000031441,mouse,3,100.892306,-2e-06,-0.0,Other
752,ENSMUSG00000016319,mouse,1,100.892306,-2e-06,-0.0,ATPtranslocase
753,ENSMUSG00000046808,mouse,3,100.892306,-2e-06,-0.0,Other
754,ENSMUSG00000033685,mouse,1,100.892306,-2e-06,-0.0,Other
755,ENSMUSG00000032942,mouse,1,100.892306,-2e-06,-0.0,Other
756,ENSMUSG00000025792,mouse,9,100.892306,-2e-06,-0.0,Other
757,ENSMUSG00000002346,mouse,2,100.892306,-2e-06,-0.0,Other
758,ENSMUSG00000031482,mouse,3,100.892306,-2e-06,-0.0,Other
759,ENSMUSG00000021265,mouse,4,100.892306,-2e-06,-0.0,Other
760,ENSMUSG00000034248,mouse,1,100.892306,-2e-06,-0.0,Other
761,ENSMUSG00000040414,mouse,1,100.892306,-2e-06,-0.0,Other
762,ENSMUSG00000037685,mouse,3,100.892306,-2e-06,-0.0,Other
763,ENSMUSG00000060671,mouse,3,100.892306,-2e-06,-0.0,Other
764,ENSMUSG00000039529,mouse,3,100.892306,-2e-06,-0.0,Other
765,ENSMUSG00000060131,mouse,3,100.892306,-2e-06,-0.0,Other
766,ENSMUSG00000027546,mouse,3,100.892306,-2e-06,-0.0,Other
767,ENSMUSG00000024566,mouse,3,100.892306,-2e-06,-0.0,Other
768,ENSMUSG00000025324,mouse,3,100.892306,-2e-06,-0.0,Other
769,ENSG00000109424,human,1,100.892306,-2e-06,-0.0,Other
